order_date,total_orders,unique_customers,total_items_sold,gross_revenue_usd,processing_fee_revenue_usd,service_revenue_usd,gross_revenue_brl,avg_transaction_value_usd,avg_items_per_transaction,installment_transactions,avg_installments,avg_delivery_days,avg_approval_days,late_deliveries,updated_at
2016-09-04,1,1,2,42.19,19.62,22.58,136.23,42.19,2.0,0,1.0,,33.0,0,2026-02-22 13:53:53.998996-05
2016-09-15,1,1,3,43.49,2.57,40.92,143.46,43.49,3.0,0,1.0,55.0,0.0,1,2026-02-22 13:53:53.998996-05
2016-10-03,7,7,7,173.01999999999998,36.35,136.67,559.53,24.72,1.0,4,2.57,25.29,1.71,0,2026-02-22 13:53:53.998996-05
2016-10-04,58,58,67,3370.8,411.21000000000004,2959.550000000001,10900.949999999999,58.12,1.16,37,3.84,25.81,1.4,2,2026-02-22 13:53:53.998996-05
2016-10-05,42,42,52,2500.0799999999995,379.8800000000001,2120.21,8084.979999999999,59.53,1.24,22,3.64,20.23,1.19,0,2026-02-22 13:53:53.998996-05
2016-10-06,46,46,55,2265.5700000000006,318.81999999999994,1946.7500000000002,7326.680000000002,49.25,1.2,30,3.11,20.9,0.28,0,2026-02-22 13:53:53.998996-05
2016-10-07,43,43,50,2350.49,269.97999999999996,2080.49,7601.290000000002,54.66,1.16,23,3.58,16.16,0.7,0,2026-02-22 13:53:53.998996-05
2016-10-08,38,37,43,2852.94,284.26,2568.649999999999,9226.189999999997,75.08,1.13,28,4.53,14.33,1.24,0,2026-02-22 13:53:53.998996-05
2016-10-09,22,22,28,977.5799999999997,169.22000000000003,808.3699999999999,3161.5099999999993,44.44,1.27,13,4.0,14.25,1.14,0,2026-02-22 13:53:53.998996-05
2016-10-10,37,36,40,1403.0299999999997,250.03000000000003,1152.9700000000003,4493.39,37.92,1.08,18,3.11,19.18,0.59,0,2026-02-22 13:53:53.998996-05
2016-12-23,1,1,1,5.89,2.62,3.27,19.62,5.89,1.0,0,1.0,5.0,0.0,0,2026-02-22 13:53:53.998996-05
2017-01-05,32,18,32,218.41000000000003,95.75999999999995,122.64000000000006,707.2700000000001,6.83,1.0,0,1.0,10.81,1.81,0,2026-02-22 13:53:53.998996-05
2017-01-06,4,4,4,305.18,22.189999999999998,282.98,988.2800000000001,76.3,1.0,0,1.0,7.75,1.0,0,2026-02-22 13:53:53.998996-05
2017-01-07,4,4,5,447.15,29.669999999999998,417.46999999999997,1447.99,111.79,1.25,4,6.25,24.25,0.0,1,2026-02-22 13:53:53.998996-05
2017-01-08,6,5,6,250.01000000000002,30.900000000000002,219.11,809.63,41.67,1.0,2,2.33,8.25,0.5,0,2026-02-22 13:53:53.998996-05
2017-01-09,5,5,6,242.37,31.520000000000003,210.85,774.51,48.47,1.2,3,3.2,23.6,0.8,1,2026-02-22 13:53:53.998996-05
2017-01-10,6,6,6,491.65999999999997,42.65,449.00999999999993,1571.17,81.94,1.0,4,4.0,12.67,0.83,0,2026-02-22 13:53:53.998996-05
2017-01-11,11,11,11,901.71,84.56,817.13,2881.52,81.97,1.0,5,3.45,7.4,0.27,0,2026-02-22 13:53:53.998996-05
2017-01-12,13,13,15,783.1700000000001,83.91,699.2600000000001,2502.69,60.24,1.15,9,4.62,24.5,0.54,2,2026-02-22 13:53:53.998996-05
2017-01-13,11,11,11,870.18,86.08999999999999,784.05,2780.72,79.11,1.0,7,3.73,9.6,0.27,0,2026-02-22 13:53:53.998996-05
2017-01-14,18,17,18,469.27,121.08,348.19,1499.5700000000002,26.07,1.0,9,2.83,15.44,0.28,1,2026-02-22 13:53:53.998996-05
2017-01-15,14,13,21,798.41,110.09,688.31,2551.34,57.03,1.5,8,3.14,12.93,0.93,0,2026-02-22 13:53:53.998996-05
2017-01-16,19,18,24,1154.6099999999997,124.69000000000001,1029.93,3708.4000000000005,60.77,1.26,9,3.47,12.22,0.47,0,2026-02-22 13:53:53.998996-05
2017-01-17,32,31,37,1212.2899999999997,184.00000000000003,1028.2399999999998,3893.6099999999997,37.88,1.16,13,3.06,11.13,0.31,0,2026-02-22 13:53:53.998996-05
2017-01-18,33,33,35,1458.17,202.7199999999999,1255.48,4683.38,44.19,1.06,16,2.3,13.27,0.64,1,2026-02-22 13:53:53.998996-05
2017-01-19,29,28,35,1289.03,182.5,1106.54,4140.16,44.45,1.21,12,2.66,12.48,0.56,1,2026-02-22 13:53:53.998996-05
2017-01-20,28,28,39,1449.6699999999996,193.12,1256.5699999999995,4656.049999999999,51.77,1.39,15,2.96,12.07,0.79,0,2026-02-22 13:53:53.998996-05
2017-01-21,24,21,36,963.5700000000002,198.07,765.5000000000001,3094.77,40.15,1.5,12,2.63,13.05,0.58,0,2026-02-22 13:53:53.998996-05
2017-01-22,30,30,33,1289.5600000000004,162.69,1126.8400000000004,4141.870000000001,42.99,1.1,17,3.57,9.47,0.57,0,2026-02-22 13:53:53.998996-05
2017-01-23,39,39,54,2382.98,306.77,2076.2499999999995,7553.890000000001,61.1,1.38,21,3.51,13.14,0.44,2,2026-02-22 13:53:53.998996-05
2017-01-24,40,40,44,2139.9900000000002,261.33,1878.68,6783.529999999997,53.5,1.1,19,2.98,11.79,0.5,0,2026-02-22 13:53:53.998996-05
2017-01-25,62,62,69,3262.02,430.0,2832.029999999999,10340.210000000003,52.61,1.11,27,2.73,12.11,0.35,1,2026-02-22 13:53:53.998996-05
2017-01-26,84,81,99,4747.009999999999,611.8700000000003,4135.1900000000005,15047.410000000005,56.51,1.18,41,2.99,13.73,0.39,4,2026-02-22 13:53:53.998996-05
2017-01-27,61,60,76,4024.18,417.4700000000001,3606.7599999999998,12756.149999999996,65.97,1.25,26,3.18,12.97,1.0,0,2026-02-22 13:53:53.998996-05
2017-01-28,29,29,30,1855.9300000000003,212.0100000000001,1643.92,5883.009999999999,64.0,1.03,15,3.66,13.07,1.0,0,2026-02-22 13:53:53.998996-05
2017-01-29,35,34,47,2258.9700000000007,221.8200000000001,2037.2,7160.659999999995,64.54,1.34,21,3.69,13.94,0.4,2,2026-02-22 13:53:53.998996-05
2017-01-30,51,49,75,3803.37,350.4899999999999,3452.6599999999994,11898.129999999994,74.58,1.47,30,3.55,11.29,0.59,0,2026-02-22 13:53:53.998996-05
2017-01-31,67,65,85,4055.700000000001,502.26,3553.33,12687.539999999997,60.53,1.27,31,2.76,13.61,0.51,6,2026-02-22 13:53:53.998996-05
2017-02-01,66,64,69,3015.24,426.07,2589.1499999999996,9432.660000000003,45.69,1.05,26,2.52,11.95,0.38,1,2026-02-22 13:53:53.998996-05
2017-02-02,68,68,75,3348.58,497.91999999999996,2850.6299999999983,10475.300000000001,49.24,1.1,29,2.49,12.91,0.41,2,2026-02-22 13:53:53.998996-05
2017-02-03,56,56,61,3644.110000000001,392.56,3251.48,11399.870000000003,65.07,1.09,29,3.27,15.06,1.63,2,2026-02-22 13:53:53.998996-05
2017-02-04,66,66,72,5024.150000000001,559.1099999999998,4465.029999999999,15717.210000000003,76.12,1.09,41,3.32,13.06,0.58,2,2026-02-22 13:53:53.998996-05
2017-02-05,75,74,83,3245.5199999999986,527.2199999999999,2718.3399999999992,10153.24,43.27,1.11,36,2.79,11.12,0.52,1,2026-02-22 13:53:53.998996-05
2017-02-06,81,79,88,3553.1300000000006,495.3399999999998,3057.7899999999986,11084.800000000005,43.87,1.09,40,2.98,11.01,0.43,2,2026-02-22 13:53:53.998996-05
2017-02-07,110,106,126,5269.17,758.0499999999996,4511.1399999999985,16438.610000000008,47.9,1.15,46,2.54,10.87,0.46,1,2026-02-22 13:53:53.998996-05
2017-02-08,89,89,98,4474.4400000000005,657.33,3817.1399999999994,13959.260000000002,50.27,1.1,31,2.27,12.35,0.58,1,2026-02-22 13:53:53.998996-05
2017-02-09,77,76,82,3475.9700000000003,530.0699999999997,2945.8499999999995,10844.169999999998,45.14,1.06,32,2.96,13.86,0.35,4,2026-02-22 13:53:53.998996-05
2017-02-10,65,65,73,4823.0999999999985,445.4600000000001,4377.55,15046.789999999999,74.2,1.12,33,3.11,13.02,0.32,2,2026-02-22 13:53:53.998996-05
2017-02-11,45,45,51,1677.43,296.66,1380.76,5233.15,37.28,1.13,20,2.89,14.47,0.78,2,2026-02-22 13:53:53.998996-05
2017-02-12,62,62,65,5322.209999999999,482.55999999999995,4839.61,16603.91000000001,85.84,1.05,28,2.63,12.46,0.6,1,2026-02-22 13:53:53.998996-05
2017-02-13,75,75,87,4038.4499999999994,666.2099999999999,3372.1600000000003,12460.8,53.85,1.16,32,2.69,12.86,0.48,1,2026-02-22 13:53:53.998996-05
2017-02-14,71,70,80,4648.42,534.39,4113.999999999999,14343.0,65.47,1.13,38,3.2,13.61,0.34,2,2026-02-22 13:53:53.998996-05
2017-02-15,60,60,63,2602.9099999999994,408.75000000000006,2194.1099999999997,8031.520000000001,43.38,1.05,29,2.6,11.0,0.33,0,2026-02-22 13:53:53.998996-05
2017-02-16,50,50,55,2313.48,338.78999999999996,1974.6700000000003,7138.410000000001,46.27,1.1,29,2.9,13.41,0.32,1,2026-02-22 13:53:53.998996-05
2017-02-17,45,45,56,2611.909999999999,407.67,2204.1900000000005,8059.21,58.04,1.24,26,3.53,16.2,0.26,2,2026-02-22 13:53:53.998996-05
2017-02-18,52,50,63,2738.95,373.93,2364.9900000000007,8451.139999999998,52.67,1.21,24,2.81,13.94,0.34,0,2026-02-22 13:53:53.998996-05
2017-02-19,40,39,44,1451.1600000000003,220.28000000000003,1230.8600000000001,4477.65,36.28,1.1,16,2.28,13.19,0.77,0,2026-02-22 13:53:53.998996-05
2017-02-20,62,62,71,2955.8599999999997,408.61999999999995,2547.2,9122.62,47.68,1.15,21,2.23,15.22,0.61,5,2026-02-22 13:53:53.998996-05
2017-02-21,41,41,47,3024.14,339.46999999999997,2684.6599999999994,9333.460000000001,73.76,1.15,10,2.22,17.69,0.49,1,2026-02-22 13:53:53.998996-05
2017-02-22,58,56,65,2778.7199999999993,395.08,2383.6499999999987,8576.039999999997,47.91,1.12,28,2.83,13.7,0.45,2,2026-02-22 13:53:53.998996-05
2017-02-23,59,57,73,2776.640000000001,527.7099999999999,2248.93,8569.620000000003,47.06,1.24,29,3.22,14.42,0.44,2,2026-02-22 13:53:53.998996-05
2017-02-24,62,62,73,2559.2500000000005,394.09999999999985,2165.1200000000003,7898.750000000003,41.28,1.18,24,2.66,14.9,0.56,3,2026-02-22 13:53:53.998996-05
2017-02-25,42,42,46,1624.0500000000002,264.27,1359.7499999999995,5012.310000000001,38.67,1.1,26,3.24,14.54,1.24,0,2026-02-22 13:53:53.998996-05
2017-02-26,45,45,52,2104.92,340.1,1764.7999999999997,6496.459999999998,46.78,1.16,25,2.91,14.14,0.62,2,2026-02-22 13:53:53.998996-05
2017-02-27,42,42,52,2180.82,312.42,1868.43,6785.279999999999,51.92,1.24,22,3.07,12.61,0.33,3,2026-02-22 13:53:53.998996-05
2017-02-28,54,54,66,3990.7600000000007,428.96,3561.769999999999,12416.449999999999,73.9,1.22,35,3.8,15.94,0.56,4,2026-02-22 13:53:53.998996-05
2017-03-01,95,94,113,4710.210000000001,674.7099999999997,4035.43,14654.690000000004,49.58,1.19,37,2.28,11.26,0.61,4,2026-02-22 13:53:53.998996-05
2017-03-02,68,68,76,4140.780000000001,484.0699999999999,3656.620000000001,12883.060000000005,60.89,1.12,32,2.96,12.59,0.44,1,2026-02-22 13:53:53.998996-05
2017-03-03,72,69,80,4473.719999999999,499.7600000000001,3974.0600000000018,13919.140000000005,62.13,1.11,36,2.92,13.83,0.57,3,2026-02-22 13:53:53.998996-05
2017-03-04,76,73,85,4105.150000000001,615.13,3490.019999999999,12772.310000000001,54.02,1.12,40,3.17,12.58,0.62,3,2026-02-22 13:53:53.998996-05
2017-03-05,70,69,80,2638.0599999999995,471.95000000000005,2166.2100000000005,8207.910000000002,37.69,1.14,36,2.73,12.39,0.29,5,2026-02-22 13:53:53.998996-05
2017-03-06,98,98,113,3495.590000000001,657.6500000000001,2837.8600000000015,10983.080000000004,35.67,1.15,43,2.53,11.88,0.39,4,2026-02-22 13:53:53.998996-05
2017-03-07,80,79,97,4291.34,584.02,3707.370000000001,13483.380000000008,53.64,1.21,41,3.1,13.04,0.43,3,2026-02-22 13:53:53.998996-05
2017-03-08,77,77,87,5263.93,621.1400000000002,4642.71,16539.1,68.36,1.13,35,2.81,16.89,0.16,4,2026-02-22 13:53:53.998996-05
2017-03-09,92,90,114,4393.609999999997,668.0500000000001,3725.530000000001,13804.609999999993,47.76,1.24,41,2.57,13.92,0.0,4,2026-02-22 13:53:53.998996-05
2017-03-10,86,83,97,4490.09,675.6799999999998,3814.4900000000002,14107.779999999999,52.21,1.13,50,3.22,12.14,0.0,1,2026-02-22 13:53:53.998996-05
2017-03-11,70,70,79,3963.9399999999996,516.1200000000001,3447.9300000000003,12454.760000000002,56.63,1.13,37,3.19,12.29,0.0,2,2026-02-22 13:53:53.998996-05
2017-03-12,63,61,70,2454.4500000000007,386.94,2067.51,7711.890000000001,38.96,1.11,27,2.63,10.84,0.0,0,2026-02-22 13:53:53.998996-05
2017-03-13,108,106,115,6055.620000000001,734.5599999999997,5321.199999999996,18983.780000000006,56.07,1.06,52,2.83,14.2,0.0,9,2026-02-22 13:53:53.998996-05
2017-03-14,98,98,113,5236.619999999998,729.5699999999999,4507.14,16416.29,53.43,1.15,42,2.6,12.16,0.0,4,2026-02-22 13:53:53.998996-05
2017-03-15,107,106,121,5491.710000000004,707.0900000000001,4784.66,17215.930000000004,51.32,1.13,55,3.15,15.45,0.0,4,2026-02-22 13:53:53.998996-05
2017-03-16,102,102,126,5284.080000000002,754.5700000000002,4529.629999999999,16565.100000000002,51.8,1.24,54,3.15,14.92,0.07,8,2026-02-22 13:53:53.998996-05
2017-03-17,65,64,79,4341.840000000001,523.4399999999998,3818.440000000001,13611.279999999999,66.8,1.22,35,3.48,16.13,0.11,2,2026-02-22 13:53:53.998996-05
2017-03-18,73,73,77,5722.1900000000005,479.9700000000001,5242.260000000003,17938.49,78.39,1.05,40,3.29,12.31,0.0,2,2026-02-22 13:53:53.998996-05
2017-03-19,56,56,59,2465.1500000000005,344.12,2121.12,7728.079999999999,44.02,1.05,40,4.0,11.48,0.0,1,2026-02-22 13:53:53.998996-05
2017-03-20,114,112,125,6241.41,797.2299999999993,5444.289999999998,19381.569999999996,54.75,1.1,61,2.99,12.02,0.0,8,2026-02-22 13:53:53.998996-05
2017-03-21,92,90,103,4240.0999999999985,597.5500000000001,3642.5200000000013,13166.64,46.09,1.12,40,2.52,10.86,0.54,2,2026-02-22 13:53:53.998996-05
2017-03-22,105,104,122,5278.119999999999,708.8999999999996,4569.320000000001,16390.140000000003,50.27,1.16,57,3.17,11.59,0.45,5,2026-02-22 13:53:53.998996-05
2017-03-23,110,108,133,6024.469999999998,775.2999999999998,5249.250000000002,18707.840000000004,54.77,1.21,49,2.86,12.3,0.47,3,2026-02-22 13:53:53.998996-05
2017-03-24,76,74,84,3742.02,475.7000000000001,3266.4499999999994,11620.24,49.24,1.11,37,3.13,15.15,0.67,4,2026-02-22 13:53:53.998996-05
2017-03-25,74,71,84,3536.5000000000014,521.86,3014.67,10981.789999999999,47.79,1.14,42,2.95,12.86,0.55,5,2026-02-22 13:53:53.998996-05
2017-03-26,64,64,69,2460.9900000000002,425.49000000000007,2035.5599999999997,7642.030000000002,38.45,1.08,28,3.08,13.22,0.42,6,2026-02-22 13:53:53.998996-05
2017-03-27,109,108,120,5979.059999999999,758.2499999999997,5220.8,18732.589999999997,54.85,1.1,56,2.97,12.25,0.39,4,2026-02-22 13:53:53.998996-05
2017-03-28,100,99,114,4477.580000000001,710.5899999999999,3767.0299999999993,14028.499999999998,44.78,1.14,43,2.67,10.77,0.46,5,2026-02-22 13:53:53.998996-05
2017-03-29,73,72,84,3129.74,482.4399999999999,2647.23,9805.420000000004,42.87,1.15,36,3.34,14.63,0.48,3,2026-02-22 13:53:53.998996-05
2017-03-30,74,74,83,3649.8499999999995,449.89000000000004,3199.9700000000003,11435.000000000004,49.32,1.12,36,2.76,13.75,0.73,2,2026-02-22 13:53:53.998996-05
2017-03-31,70,70,73,4387.290000000002,493.48,3893.8399999999992,13745.540000000005,62.68,1.04,43,3.69,16.51,0.81,5,2026-02-22 13:53:53.998996-05
2017-04-01,67,64,69,6081.600000000001,432.95,5648.66,19053.91,90.77,1.03,36,3.36,13.83,0.9,2,2026-02-22 13:53:53.998996-05
2017-04-02,65,64,78,3385.1499999999996,471.0599999999999,2914.12,10605.800000000003,52.08,1.2,42,3.14,12.77,0.37,1,2026-02-22 13:53:53.998996-05
2017-04-03,72,72,87,3453.8199999999997,519.1599999999999,2934.5,10776.9,47.97,1.21,31,3.1,13.06,0.44,3,2026-02-22 13:53:53.998996-05
2017-04-04,96,96,109,4535.810000000001,593.2599999999996,3942.4499999999994,14152.990000000005,47.25,1.14,50,2.8,16.36,0.47,7,2026-02-22 13:53:53.998996-05
2017-04-05,96,93,102,6657.799999999998,599.7599999999999,6058.0099999999975,20774.549999999996,69.35,1.06,49,3.14,11.81,0.41,7,2026-02-22 13:53:53.998996-05
2017-04-06,95,94,110,8089.8099999999995,664.5799999999999,7425.1900000000005,25242.809999999998,85.16,1.16,54,3.25,14.03,0.43,4,2026-02-22 13:53:53.998996-05
2017-04-07,84,82,94,4795.099999999998,548.5699999999999,4246.4800000000005,14962.240000000002,57.08,1.12,40,2.74,14.21,0.6,7,2026-02-22 13:53:53.998996-05
2017-04-08,66,65,71,3221.95,406.51999999999987,2815.4899999999993,10053.580000000009,48.82,1.08,32,3.11,14.8,0.58,5,2026-02-22 13:53:53.998996-05
2017-04-09,71,68,76,2993.62,457.0799999999999,2536.479999999999,9340.999999999998,42.16,1.07,41,3.35,13.75,0.37,2,2026-02-22 13:53:53.998996-05
2017-04-10,86,86,94,4249.050000000002,556.4200000000001,3692.6099999999997,13321.95,49.41,1.09,37,2.64,12.25,0.4,5,2026-02-22 13:53:53.998996-05
2017-04-11,77,77,84,3126.51,480.31000000000006,2646.2000000000003,9802.579999999998,40.6,1.09,36,2.83,14.34,0.48,5,2026-02-22 13:53:53.998996-05
2017-04-12,62,62,65,2940.8300000000004,367.1299999999998,2573.6900000000005,9220.269999999999,47.43,1.05,26,2.5,15.18,0.55,6,2026-02-22 13:53:53.998996-05
2017-04-13,60,59,64,3576.6800000000003,485.6000000000001,3091.0800000000004,11213.929999999998,59.61,1.07,41,3.53,17.08,0.47,4,2026-02-22 13:53:53.998996-05
2017-04-14,51,51,58,2655.6800000000003,422.6899999999998,2232.99,8326.42,52.07,1.14,38,4.14,17.32,0.53,1,2026-02-22 13:53:53.998996-05
2017-04-15,52,52,55,2995.43,337.3400000000001,2658.09,9391.56,57.6,1.06,31,3.23,15.55,0.5,5,2026-02-22 13:53:53.998996-05
2017-04-16,49,48,52,2077.87,337.69999999999993,1740.19,6514.799999999999,42.41,1.06,28,3.49,17.3,0.39,3,2026-02-22 13:53:53.998996-05
2017-04-17,64,64,67,2966.1900000000005,418.98,2547.13,9277.43,46.35,1.05,37,3.0,15.57,0.47,5,2026-02-22 13:53:53.998996-05
2017-04-18,71,71,84,7492.24,686.45,6805.77,23433.85999999999,105.52,1.18,37,3.63,16.9,0.45,5,2026-02-22 13:53:53.998996-05
2017-04-19,97,96,112,4457.290000000001,587.5199999999999,3869.6800000000007,13941.249999999998,45.95,1.15,42,2.71,17.13,0.73,14,2026-02-22 13:53:53.998996-05
2017-04-20,96,91,115,5026.779999999999,750.9699999999998,4275.68,15722.390000000005,52.36,1.2,48,3.38,16.31,0.88,9,2026-02-22 13:53:53.998996-05
2017-04-21,67,67,76,3225.71,525.2399999999997,2700.429999999999,10089.180000000002,48.14,1.13,36,2.97,16.15,0.88,4,2026-02-22 13:53:53.998996-05
2017-04-22,83,82,94,4752.76,641.04,4111.660000000001,14865.410000000002,57.26,1.13,53,3.66,14.67,0.66,5,2026-02-22 13:53:53.998996-05
2017-04-23,85,84,90,3726.9200000000005,520.4399999999997,3206.5200000000013,11656.900000000005,43.85,1.06,38,2.94,14.56,0.74,4,2026-02-22 13:53:53.998996-05
2017-04-24,114,114,129,4993.4299999999985,781.2299999999997,4212.240000000001,15762.059999999992,43.8,1.13,62,3.04,15.12,0.87,11,2026-02-22 13:53:53.998996-05
2017-04-25,111,111,123,5438.740000000001,790.6500000000003,4647.9299999999985,17167.659999999996,49.0,1.11,50,2.74,13.14,0.77,8,2026-02-22 13:53:53.998996-05
2017-04-26,123,123,137,5739.8600000000015,851.4500000000002,4888.409999999999,18118.199999999993,46.67,1.11,69,3.33,15.45,0.7,8,2026-02-22 13:53:53.998996-05
2017-04-27,78,78,100,3760.969999999999,639.9100000000002,3121.010000000001,11871.669999999996,48.22,1.28,41,3.09,14.37,0.62,0,2026-02-22 13:53:53.998996-05
2017-04-28,98,98,108,5722.4400000000005,719.96,5002.44,18063.29,58.39,1.1,57,3.29,17.52,0.73,6,2026-02-22 13:53:53.998996-05
2017-04-29,73,73,86,4336.039999999998,562.1,3773.9299999999994,13687.019999999999,59.4,1.18,52,4.07,15.39,0.81,2,2026-02-22 13:53:53.998996-05
2017-04-30,68,68,71,2989.649999999999,426.34000000000003,2563.2700000000004,9437.0,43.97,1.04,47,3.81,17.05,0.81,3,2026-02-22 13:53:53.998996-05
2017-05-01,116,113,131,4662.419999999999,698.4400000000002,3964.080000000001,14796.769999999999,40.19,1.13,69,3.44,14.15,0.6,4,2026-02-22 13:53:53.998996-05
2017-05-02,125,125,136,6398.940000000005,840.5799999999997,5558.390000000002,20307.76999999999,51.19,1.09,73,3.71,14.7,0.91,5,2026-02-22 13:53:53.998996-05
2017-05-03,102,102,111,3824.2099999999996,656.29,3167.889999999999,12136.380000000001,37.49,1.09,59,3.15,16.23,0.69,7,2026-02-22 13:53:53.998996-05
2017-05-04,108,106,122,4983.010000000003,726.4699999999998,4256.509999999999,15813.960000000003,46.14,1.13,61,3.33,13.5,0.76,1,2026-02-22 13:53:53.998996-05
2017-05-05,110,108,123,5149.539999999996,747.75,4401.850000000003,16342.51000000001,46.81,1.12,65,3.25,13.07,0.51,2,2026-02-22 13:53:53.998996-05
2017-05-06,107,104,127,5858.560000000002,747.7300000000002,5110.879999999999,18592.800000000003,54.75,1.19,68,3.67,12.19,0.42,2,2026-02-22 13:53:53.998996-05
2017-05-07,109,107,120,6215.139999999998,805.5600000000005,5409.580000000003,19724.420000000002,57.02,1.1,69,3.58,11.88,0.43,2,2026-02-22 13:53:53.998996-05
2017-05-08,122,121,143,5998.630000000002,906.3900000000001,5092.249999999998,19022.66,49.17,1.17,84,3.66,11.68,0.33,4,2026-02-22 13:53:53.998996-05
2017-05-09,124,123,153,7511.679999999998,956.7099999999996,6555.100000000006,23821.01,60.58,1.23,59,2.9,11.8,0.59,5,2026-02-22 13:53:53.998996-05
2017-05-10,115,113,124,7331.649999999997,732.35,6599.259999999998,23249.899999999983,63.75,1.08,67,3.21,10.76,0.48,5,2026-02-22 13:53:53.998996-05
2017-05-11,126,125,138,6679.600000000001,951.6000000000001,5728.039999999999,21182.24999999999,53.01,1.1,73,3.5,10.27,0.38,7,2026-02-22 13:53:53.998996-05
2017-05-12,110,108,119,4587.569999999998,743.0300000000001,3844.55,14547.880000000012,41.71,1.08,54,3.05,12.06,0.67,6,2026-02-22 13:53:53.998996-05
2017-05-13,72,71,80,3340.280000000001,485.3500000000001,2854.9999999999986,10592.669999999998,46.39,1.11,43,3.11,11.09,0.63,0,2026-02-22 13:53:53.998996-05
2017-05-14,110,110,127,5460.550000000001,723.2000000000002,4737.299999999998,17316.329999999998,49.64,1.15,68,3.74,10.62,0.42,5,2026-02-22 13:53:53.998996-05
2017-05-15,153,150,170,6732.0599999999995,1082.7699999999998,5649.48,21237.579999999998,44.0,1.11,71,2.75,10.58,0.59,3,2026-02-22 13:53:53.998996-05
2017-05-16,150,147,171,7698.450000000005,1005.01,6693.629999999999,24286.060000000005,51.32,1.14,86,3.57,9.88,0.41,3,2026-02-22 13:53:53.998996-05
2017-05-17,140,139,155,6725.799999999997,957.8800000000005,5768.029999999997,21217.809999999994,48.04,1.11,78,2.94,11.74,0.48,4,2026-02-22 13:53:53.998996-05
2017-05-18,125,123,140,6611.290000000001,827.8500000000004,5783.619999999997,20856.51,52.89,1.12,78,3.72,11.25,0.39,3,2026-02-22 13:53:53.998996-05
2017-05-19,144,139,168,6820.890000000004,989.1200000000002,5831.9299999999985,21517.679999999997,47.37,1.17,82,3.29,10.77,0.54,3,2026-02-22 13:53:53.998996-05
2017-05-20,72,71,80,3916.2800000000007,545.8999999999999,3370.419999999999,12354.470000000003,54.39,1.11,43,3.31,10.56,0.78,1,2026-02-22 13:53:53.998996-05
2017-05-21,148,144,164,6456.6100000000015,932.7800000000002,5523.969999999997,20368.529999999984,43.63,1.11,87,3.3,9.7,0.57,3,2026-02-22 13:53:53.998996-05
2017-05-22,148,145,167,8833.039999999997,1067.0999999999997,7765.799999999997,28906.59999999999,59.68,1.13,89,3.7,9.77,0.43,3,2026-02-22 13:53:53.998996-05
2017-05-23,124,124,141,6235.339999999999,849.4,5385.949999999999,20405.66,50.29,1.14,71,3.44,10.0,0.33,5,2026-02-22 13:53:53.998996-05
2017-05-24,141,138,159,8126.78,991.3800000000002,7135.319999999998,26595.309999999987,57.64,1.13,81,3.43,10.71,0.5,7,2026-02-22 13:53:53.998996-05
2017-05-25,104,103,115,5326.5599999999995,707.2700000000001,4619.240000000002,17431.589999999997,51.22,1.11,56,3.46,11.83,0.38,2,2026-02-22 13:53:53.998996-05
2017-05-26,78,77,93,3818.16,563.4699999999999,3254.6699999999996,12495.320000000007,48.95,1.19,51,3.58,11.6,0.41,2,2026-02-22 13:53:53.998996-05
2017-05-27,79,78,91,4842.04,576.0199999999999,4266.029999999999,15845.870000000008,61.29,1.15,50,3.86,10.94,0.59,2,2026-02-22 13:53:53.998996-05
2017-05-28,98,98,106,3394.02,563.6599999999999,2830.379999999999,11107.240000000007,34.63,1.08,62,3.42,10.06,0.46,1,2026-02-22 13:53:53.998996-05
2017-05-29,157,156,177,6703.219999999997,936.4299999999993,5766.69,21774.910000000003,42.7,1.13,80,2.82,9.98,0.39,3,2026-02-22 13:53:53.998996-05
2017-05-30,100,100,116,5002.03,708.3800000000001,4293.6,16248.81,50.02,1.16,51,3.12,11.27,0.46,3,2026-02-22 13:53:53.998996-05
2017-05-31,123,123,139,6961.36,858.37,6102.949999999997,22613.56999999999,56.6,1.13,71,3.67,12.1,0.42,3,2026-02-22 13:53:53.998996-05
2017-06-01,124,122,136,6699.299999999999,756.39,5942.930000000002,21762.329999999998,54.03,1.1,63,3.34,11.25,0.47,2,2026-02-22 13:53:53.998996-05
2017-06-02,126,124,135,6650.6299999999965,761.1899999999998,5889.419999999999,21603.970000000012,52.78,1.07,77,3.18,12.08,0.51,2,2026-02-22 13:53:53.998996-05
2017-06-03,89,89,101,3775.809999999999,558.7699999999999,3217.0199999999995,12265.44,42.42,1.13,54,3.37,14.28,0.49,4,2026-02-22 13:53:53.998996-05
2017-06-04,101,100,106,4894.189999999999,626.5299999999999,4267.610000000001,15898.480000000005,48.46,1.05,58,3.55,12.12,0.46,2,2026-02-22 13:53:53.998996-05
2017-06-05,145,143,162,8166.969999999997,860.2900000000002,7306.529999999997,26742.599999999995,56.32,1.12,76,3.07,11.13,0.41,2,2026-02-22 13:53:53.998996-05
2017-06-06,133,129,156,5285.69,830.35,4455.329999999999,17307.990000000005,39.74,1.17,80,3.44,11.3,0.39,2,2026-02-22 13:53:53.998996-05
2017-06-07,124,123,132,4702.320000000001,802.0,3900.2699999999995,15397.669999999998,37.92,1.06,74,3.23,13.11,0.4,6,2026-02-22 13:53:53.998996-05
2017-06-08,137,134,151,6749.249999999999,1098.61,5650.649999999999,22100.449999999997,49.26,1.1,74,3.15,12.62,0.49,3,2026-02-22 13:53:53.998996-05
2017-06-09,106,104,127,5677.149999999999,775.2500000000007,4901.920000000002,18589.830000000005,53.56,1.2,58,2.98,11.96,0.47,0,2026-02-22 13:53:53.998996-05
2017-06-10,76,75,83,2995.0400000000004,484.6099999999999,2510.4000000000005,9807.179999999995,39.41,1.09,45,3.59,12.01,0.71,0,2026-02-22 13:53:53.998996-05
2017-06-11,113,110,126,5072.37,704.22,4368.11,16609.43,44.89,1.12,61,3.24,12.57,0.5,5,2026-02-22 13:53:53.998996-05
2017-06-12,125,125,149,5255.739999999999,756.1099999999994,4499.570000000001,17290.769999999997,42.05,1.19,57,2.92,13.33,0.41,9,2026-02-22 13:53:53.998996-05
2017-06-13,124,123,140,5005.729999999999,772.73,4233.0199999999995,16468.430000000004,40.37,1.13,77,3.32,11.87,0.35,2,2026-02-22 13:53:53.998996-05
2017-06-14,130,126,147,7104.62,891.1800000000001,6213.539999999998,23373.589999999993,54.65,1.13,75,3.05,13.45,0.58,7,2026-02-22 13:53:53.998996-05
2017-06-15,105,101,118,4504.879999999999,654.93,3849.9000000000024,14820.470000000008,42.9,1.12,61,3.24,14.2,0.47,3,2026-02-22 13:53:53.998996-05
2017-06-16,95,94,103,4460.1,559.8100000000002,3900.2199999999993,14673.210000000005,46.95,1.08,52,3.36,13.11,0.69,4,2026-02-22 13:53:53.998996-05
2017-06-17,74,73,84,3874.3000000000006,450.25000000000017,3424.0099999999998,12746.150000000005,52.36,1.14,46,3.82,11.83,0.53,3,2026-02-22 13:53:53.998996-05
2017-06-18,88,86,99,5344.870000000001,564.6899999999999,4780.150000000002,17584.140000000007,60.74,1.13,55,3.8,11.09,0.41,1,2026-02-22 13:53:53.998996-05
2017-06-19,155,151,178,7791.100000000005,951.4399999999999,6839.610000000003,25849.709999999995,50.27,1.15,84,3.14,11.38,0.51,6,2026-02-22 13:53:53.998996-05
2017-06-20,92,92,107,4240.599999999999,934.7100000000002,3305.889999999999,14069.740000000009,46.09,1.16,50,3.22,10.16,0.41,2,2026-02-22 13:53:53.998996-05
2017-06-21,35,35,38,2191.6500000000005,327.92999999999995,1863.7899999999997,7271.580000000002,62.62,1.09,20,3.11,9.47,0.54,2,2026-02-22 13:53:53.998996-05
2017-06-22,86,85,96,3132.9099999999994,527.8100000000001,2605.1199999999994,10394.48,36.43,1.12,51,2.84,12.12,0.3,5,2026-02-22 13:53:53.998996-05
2017-06-23,106,105,116,4648.500000000002,723.0,3925.4299999999985,15422.940000000006,43.85,1.09,54,2.89,11.72,0.81,0,2026-02-22 13:53:53.998996-05
2017-06-24,76,75,81,3018.1199999999994,508.76,2509.2999999999997,10013.699999999999,39.71,1.07,46,2.99,13.5,0.91,6,2026-02-22 13:53:53.998996-05
2017-06-25,105,102,117,6249.369999999999,930.7600000000001,5318.540000000001,20734.339999999997,59.52,1.11,70,3.85,10.34,0.43,1,2026-02-22 13:53:53.998996-05
2017-06-26,72,69,83,4601.48,540.5400000000002,4060.940000000001,15200.320000000002,63.91,1.15,44,3.21,11.58,0.54,3,2026-02-22 13:53:53.998996-05
2017-06-27,140,140,153,5926.009999999999,876.2500000000005,5049.840000000002,19575.960000000003,42.33,1.09,70,3.06,10.2,0.42,2,2026-02-22 13:53:53.998996-05
2017-06-28,120,119,128,5161.960000000001,725.3999999999997,4436.58,17051.85000000001,43.02,1.07,75,3.28,11.6,0.4,4,2026-02-22 13:53:53.998996-05
2017-06-29,110,108,122,4321.339999999998,637.3999999999997,3683.960000000001,14275.040000000005,39.28,1.11,60,3.29,11.32,0.35,4,2026-02-22 13:53:53.998996-05
2017-06-30,93,93,97,4465.240000000001,609.6,3855.7199999999993,14750.450000000003,48.01,1.04,55,3.33,13.0,0.58,3,2026-02-22 13:53:53.998996-05
2017-07-01,80,80,94,4280.18,601.6100000000001,3678.5500000000006,14139.0,53.5,1.18,45,3.39,12.95,0.55,1,2026-02-22 13:53:53.998996-05
2017-07-02,104,103,117,4127.589999999999,658.61,3468.9999999999995,13634.960000000008,39.69,1.13,61,3.17,10.67,0.44,2,2026-02-22 13:53:53.998996-05
2017-07-03,116,115,129,5803.430000000001,793.2900000000002,5010.199999999999,19192.609999999997,50.03,1.11,67,3.7,11.42,0.39,1,2026-02-22 13:53:53.998996-05
2017-07-04,123,121,134,5424.87,742.7600000000002,4682.119999999998,17940.640000000003,44.1,1.09,64,3.25,11.45,0.75,6,2026-02-22 13:53:53.998996-05
2017-07-05,139,136,161,7255.599999999999,1007.5200000000004,6248.05,23994.920000000006,52.2,1.16,80,3.29,11.83,0.58,5,2026-02-22 13:53:53.998996-05
2017-07-06,148,146,162,7776.100000000001,1056.11,6719.920000000001,25716.309999999987,52.54,1.09,92,3.45,12.33,0.41,3,2026-02-22 13:53:53.998996-05
2017-07-07,116,116,133,4766.749999999999,763.8199999999997,4002.830000000001,15764.14,41.09,1.15,64,3.18,12.2,0.57,0,2026-02-22 13:53:53.998996-05
2017-07-08,83,82,91,3597.459999999999,511.08999999999986,3086.3299999999995,11897.07,43.34,1.1,50,3.58,11.37,0.59,0,2026-02-22 13:53:53.998996-05
2017-07-09,88,88,96,2998.31,557.9299999999996,2440.360000000001,9915.730000000003,34.07,1.09,52,3.15,11.26,0.41,3,2026-02-22 13:53:53.998996-05
2017-07-10,140,137,156,6296.869999999996,947.81,5348.960000000001,20397.339999999997,44.98,1.11,77,3.14,12.14,0.46,8,2026-02-22 13:53:53.998996-05
2017-07-11,161,160,183,7282.83,1116.5500000000009,6166.119999999997,23591.049999999992,45.23,1.14,91,3.11,11.15,0.45,3,2026-02-22 13:53:53.998996-05
2017-07-12,147,147,164,6875.079999999997,996.4999999999997,5878.530000000002,22270.40999999999,46.77,1.12,76,3.03,11.93,0.48,5,2026-02-22 13:53:53.998996-05
2017-07-13,136,134,154,5526.78,1061.2,4465.529999999998,17902.73,40.64,1.13,67,2.76,12.95,0.54,5,2026-02-22 13:53:53.998996-05
2017-07-14,149,147,168,6740.200000000004,953.2499999999998,5786.84,21833.260000000006,45.24,1.13,95,3.25,12.51,0.58,1,2026-02-22 13:53:53.998996-05
2017-07-15,98,98,112,4052.79,678.3399999999999,3374.3300000000004,13128.060000000005,41.36,1.14,58,3.31,12.54,0.67,2,2026-02-22 13:53:53.998996-05
2017-07-16,111,111,146,4797.689999999998,775.7700000000002,4021.8,15540.9,43.22,1.32,76,3.96,12.51,0.44,6,2026-02-22 13:53:53.998996-05
2017-07-17,163,160,194,8042.770000000003,1207.7200000000003,6835.120000000003,25363.55,49.34,1.19,109,3.39,10.68,0.37,6,2026-02-22 13:53:53.998996-05
2017-07-18,190,186,220,10206.290000000005,1251.9399999999998,8954.289999999997,32186.32999999998,53.72,1.16,105,3.33,11.27,0.46,7,2026-02-22 13:53:53.998996-05
2017-07-19,150,147,171,6250.129999999996,1003.69,5246.520000000002,19710.429999999997,41.67,1.14,79,3.28,11.05,0.48,3,2026-02-22 13:53:53.998996-05
2017-07-20,140,140,167,6718.709999999999,1019.2,5699.660000000003,21187.910000000007,47.99,1.19,80,3.31,11.58,0.39,4,2026-02-22 13:53:53.998996-05
2017-07-21,113,110,130,4796.080000000002,737.28,4058.84,15124.860000000002,42.44,1.15,54,2.75,11.88,0.77,4,2026-02-22 13:53:53.998996-05
2017-07-22,88,84,101,4223.32,590.34,3632.9599999999996,13318.54,47.99,1.15,50,3.25,12.49,0.56,2,2026-02-22 13:53:53.998996-05
2017-07-23,104,103,107,4441.28,598.7700000000001,3842.5199999999995,14005.720000000007,42.7,1.03,56,3.01,9.92,0.53,1,2026-02-22 13:53:53.998996-05
2017-07-24,158,155,176,6777.3600000000015,994.5200000000001,5782.970000000001,21344.730000000003,42.89,1.11,93,3.17,11.11,0.4,8,2026-02-22 13:53:53.998996-05
2017-07-25,149,147,169,6383.739999999998,963.5399999999997,5420.090000000002,20104.92,42.84,1.13,88,3.24,10.88,0.44,4,2026-02-22 13:53:53.998996-05
2017-07-26,121,118,144,4353.069999999999,829.47,3523.6299999999997,13709.720000000005,35.98,1.19,65,3.03,10.7,0.45,3,2026-02-22 13:53:53.998996-05
2017-07-27,123,122,138,5946.839999999998,963.7000000000003,4983.209999999997,18729.07999999999,48.35,1.12,75,3.51,11.86,0.38,3,2026-02-22 13:53:53.998996-05
2017-07-28,132,129,153,7390.730000000002,1026.64,6364.110000000001,23276.300000000007,55.99,1.16,73,2.98,11.88,0.69,3,2026-02-22 13:53:53.998996-05
2017-07-29,114,111,129,5780.550000000001,759.1500000000002,5021.39,18205.239999999998,50.71,1.13,85,4.11,11.64,0.51,4,2026-02-22 13:53:53.998996-05
2017-07-30,117,116,130,4871.309999999999,760.9900000000002,4110.28,15341.680000000006,41.64,1.11,75,3.56,9.55,0.5,1,2026-02-22 13:53:53.998996-05
2017-07-31,145,141,164,6495.2800000000025,1005.1699999999998,5490.009999999998,20285.589999999993,44.8,1.13,87,3.12,9.45,0.57,4,2026-02-22 13:53:53.998996-05
2017-08-01,165,164,185,8137.140000000002,1174.4899999999998,6962.530000000003,25413.329999999994,49.32,1.12,95,3.23,11.12,0.44,7,2026-02-22 13:53:53.998996-05
2017-08-02,152,152,169,6702.7300000000005,939.3599999999994,5763.200000000004,20933.399999999998,44.1,1.11,78,3.05,9.64,0.36,4,2026-02-22 13:53:53.998996-05
2017-08-03,145,144,165,7064.479999999999,985.46,6079.03,22063.40999999999,48.72,1.14,90,3.58,10.48,0.44,3,2026-02-22 13:53:53.998996-05
2017-08-04,141,138,161,6925.609999999995,1046.2499999999998,5879.210000000004,21629.609999999997,49.12,1.14,87,3.84,12.28,0.63,4,2026-02-22 13:53:53.998996-05
2017-08-05,114,112,125,4613.260000000002,803.4399999999995,3809.6899999999982,14407.83,40.47,1.1,77,3.61,12.15,0.43,2,2026-02-22 13:53:53.998996-05
2017-08-06,108,107,122,5432.029999999999,891.3800000000001,4540.66,16965.110000000004,50.3,1.13,70,3.51,12.39,0.46,4,2026-02-22 13:53:53.998996-05
2017-08-07,157,155,182,8469.900000000001,1072.3200000000004,7397.600000000002,26629.34000000001,53.95,1.16,85,3.13,10.41,0.46,4,2026-02-22 13:53:53.998996-05
2017-08-08,146,145,159,6847.290000000001,911.5199999999996,5935.639999999999,21527.55,46.9,1.09,85,3.66,10.84,0.51,6,2026-02-22 13:53:53.998996-05
2017-08-09,141,141,160,7554.899999999999,1031.74,6523.03,23752.269999999997,53.58,1.13,78,3.3,10.49,0.45,2,2026-02-22 13:53:53.998996-05
2017-08-10,154,150,175,7377.980000000001,1059.2300000000005,6318.590000000001,23196.090000000004,47.91,1.14,86,3.06,12.27,0.48,6,2026-02-22 13:53:53.998996-05
2017-08-11,137,134,163,7105.529999999998,1017.7500000000002,6087.629999999998,22339.47,51.87,1.19,80,3.24,11.4,0.47,3,2026-02-22 13:53:53.998996-05
2017-08-12,95,93,106,4933.8600000000015,680.5799999999997,4253.210000000001,15511.909999999998,51.94,1.12,60,3.55,11.24,0.66,3,2026-02-22 13:53:53.998996-05
2017-08-13,91,91,108,4581.929999999999,681.0000000000002,3900.9200000000014,14405.429999999998,50.35,1.19,50,3.2,9.98,0.44,2,2026-02-22 13:53:53.998996-05
2017-08-14,154,151,174,6700.469999999999,1054.3500000000006,5646.0899999999965,21275.259999999995,43.51,1.13,93,3.27,9.69,0.42,2,2026-02-22 13:53:53.998996-05
2017-08-15,193,189,210,8799.600000000002,1326.8799999999999,7472.580000000005,27940.670000000002,45.59,1.09,110,3.12,12.05,0.59,5,2026-02-22 13:53:53.998996-05
2017-08-16,170,166,204,7891.29,1246.34,6644.830000000001,25056.389999999978,46.42,1.2,90,3.01,11.17,0.41,6,2026-02-22 13:53:53.998996-05
2017-08-17,155,153,169,6846.19,1064.5000000000011,5781.629999999998,21737.94999999999,44.17,1.09,81,2.87,11.92,0.5,6,2026-02-22 13:53:53.998996-05
2017-08-18,146,145,160,6306.929999999999,911.4000000000003,5395.44,20025.870000000003,43.2,1.1,73,2.59,11.23,0.47,4,2026-02-22 13:53:53.998996-05
2017-08-19,107,107,123,4746.719999999999,689.57,4057.22,15072.000000000007,44.36,1.15,57,3.09,11.16,0.75,2,2026-02-22 13:53:53.998996-05
2017-08-20,103,102,118,4709.980000000001,655.5300000000002,4054.4500000000016,14955.170000000004,45.73,1.15,55,2.76,9.9,0.5,1,2026-02-22 13:53:53.998996-05
2017-08-21,177,175,212,8263.08,1206.9599999999994,7056.170000000002,26019.71999999999,46.68,1.2,104,3.2,10.03,0.52,5,2026-02-22 13:53:53.998996-05
2017-08-22,136,132,161,6271.819999999999,991.6700000000004,5280.23,19749.47,46.12,1.18,70,2.71,10.38,0.49,3,2026-02-22 13:53:53.998996-05
2017-08-23,111,109,158,5904.790000000002,863.8999999999999,5040.97,18593.790000000005,53.2,1.42,58,3.05,10.48,0.49,3,2026-02-22 13:53:53.998996-05
2017-08-24,126,124,143,5075.620000000002,832.5299999999997,4243.110000000001,15982.51,40.28,1.13,67,2.77,11.67,0.44,3,2026-02-22 13:53:53.998996-05
2017-08-25,121,117,133,5486.72,701.4400000000003,4785.43,17277.280000000002,45.34,1.1,60,2.97,13.21,0.61,7,2026-02-22 13:53:53.998996-05
2017-08-26,93,93,99,3828.15,607.53,3220.6999999999994,12054.65,41.16,1.06,41,2.53,10.75,0.68,1,2026-02-22 13:53:53.998996-05
2017-08-27,118,116,143,5174.9,929.77,4245.229999999999,16295.460000000005,43.86,1.21,60,2.94,10.03,0.58,2,2026-02-22 13:53:53.998996-05
2017-08-28,154,149,171,8076.010000000002,1087.8399999999997,6988.130000000003,25497.070000000007,52.44,1.11,83,2.88,9.82,0.37,5,2026-02-22 13:53:53.998996-05
2017-08-29,137,136,155,11727.559999999998,1035.5100000000002,10691.980000000003,37025.68999999999,85.6,1.13,75,3.68,11.53,0.48,7,2026-02-22 13:53:53.998996-05
2017-08-30,177,172,197,11046.230000000005,1272.85,9773.330000000009,34874.829999999994,62.41,1.11,96,3.29,10.96,0.45,3,2026-02-22 13:53:53.998996-05
2017-08-31,148,147,172,7505.090000000001,957.6300000000002,6547.449999999999,23694.98999999999,50.71,1.16,69,3.07,10.96,0.39,7,2026-02-22 13:53:53.998996-05
2017-09-01,157,154,182,10258.390000000001,1256.8599999999994,9001.45,32387.449999999983,65.34,1.16,91,3.52,12.54,1.57,7,2026-02-22 13:53:53.998996-05
2017-09-02,104,102,118,6486.5899999999965,744.5,5742.060000000002,20479.179999999997,62.37,1.13,59,3.25,11.34,0.88,1,2026-02-22 13:53:53.998996-05
2017-09-03,124,124,141,9783.310000000001,996.4300000000004,8786.82,30887.460000000014,78.9,1.14,78,3.64,10.29,0.46,1,2026-02-22 13:53:53.998996-05
2017-09-04,148,144,161,9121.580000000004,1107.7899999999997,8013.770000000004,28385.220000000016,61.63,1.09,74,3.39,12.07,0.45,6,2026-02-22 13:53:53.998996-05
2017-09-05,154,154,181,7882.409999999999,1140.0199999999998,6742.370000000002,24528.969999999994,51.18,1.18,65,2.51,11.25,0.6,2,2026-02-22 13:53:53.998996-05
2017-09-06,139,138,156,9095.519999999999,1018.5499999999995,8077.069999999998,28304.189999999995,65.44,1.12,80,3.24,13.52,0.56,9,2026-02-22 13:53:53.998996-05
2017-09-07,97,96,104,6136.780000000003,708.03,5428.730000000001,19096.76,63.27,1.07,57,3.31,11.57,0.44,3,2026-02-22 13:53:53.998996-05
2017-09-08,114,112,132,4556.409999999998,837.2500000000001,3719.1299999999987,14179.090000000006,39.97,1.16,59,2.82,12.43,0.68,5,2026-02-22 13:53:53.998996-05
2017-09-09,106,103,119,5680.16,833.3699999999995,4846.770000000002,17675.749999999985,53.59,1.12,50,2.98,11.17,0.61,3,2026-02-22 13:53:53.998996-05
2017-09-10,134,133,151,6652.840000000002,962.2599999999998,5690.630000000003,20702.76000000001,49.65,1.13,72,2.98,10.66,0.46,9,2026-02-22 13:53:53.998996-05
2017-09-11,177,177,192,8631.34,1151.0200000000004,7480.180000000005,26916.449999999986,48.76,1.08,90,2.91,9.91,0.31,6,2026-02-22 13:53:53.998996-05
2017-09-12,203,199,243,10292.660000000003,1632.59,8659.950000000004,32097.229999999974,50.7,1.2,117,2.97,12.2,0.46,16,2026-02-22 13:53:53.998996-05
2017-09-13,204,202,227,10133.520000000006,1368.5499999999995,8764.930000000006,31601.20999999999,49.67,1.11,107,3.02,11.91,0.46,15,2026-02-22 13:53:53.998996-05
2017-09-14,166,164,198,8498.65,1264.8999999999999,7233.570000000003,26502.50999999999,51.2,1.19,86,2.9,12.0,0.36,12,2026-02-22 13:53:53.998996-05
2017-09-15,148,147,163,6849.4,1010.48,5838.840000000002,21359.530000000002,46.28,1.1,82,2.86,12.51,0.58,8,2026-02-22 13:53:53.998996-05
2017-09-16,127,126,135,7551.280000000002,911.4399999999999,6639.73,23548.280000000002,59.46,1.06,69,3.19,12.8,0.73,10,2026-02-22 13:53:53.998996-05
2017-09-17,125,123,136,7319.620000000002,912.8000000000001,6406.7800000000025,22826.04,58.56,1.09,76,3.61,12.25,0.49,8,2026-02-22 13:53:53.998996-05
2017-09-18,183,180,218,10402.19,1294.1299999999999,9108.079999999998,32535.249999999975,56.84,1.19,91,2.84,11.47,0.48,18,2026-02-22 13:53:53.998996-05
2017-09-19,153,151,179,7489.650000000002,1076.7900000000004,6412.959999999999,23425.659999999996,48.95,1.17,77,2.81,11.75,0.44,10,2026-02-22 13:53:53.998996-05
2017-09-20,161,160,187,8323.030000000002,1256.4199999999994,7066.609999999999,26032.15,51.7,1.16,90,3.45,11.29,0.48,7,2026-02-22 13:53:53.998996-05
2017-09-21,150,150,176,7180.350000000001,1100.7200000000003,6079.649999999995,22458.189999999988,47.87,1.17,90,3.15,12.58,0.35,3,2026-02-22 13:53:53.998996-05
2017-09-22,135,132,152,5919.4,882.1499999999997,5037.24,18514.179999999997,43.85,1.13,72,3.01,11.68,0.81,2,2026-02-22 13:53:53.998996-05
2017-09-23,84,83,98,3897.760000000002,603.8600000000001,3293.9,12191.12,46.4,1.17,46,2.93,12.19,0.52,0,2026-02-22 13:53:53.998996-05
2017-09-24,112,108,123,4914.45,783.46,4131.0199999999995,15371.220000000005,43.88,1.1,61,2.88,11.53,0.45,2,2026-02-22 13:53:53.998996-05
2017-09-25,132,132,153,6576.140000000002,928.44,5647.700000000001,20839.709999999995,49.82,1.16,68,3.13,10.81,0.51,1,2026-02-22 13:53:53.998996-05
2017-09-26,179,178,196,7965.259999999996,1123.3100000000002,6841.84,25241.659999999993,44.5,1.09,97,3.36,11.22,0.36,7,2026-02-22 13:53:53.998996-05
2017-09-27,144,142,174,7599.7199999999975,1084.3899999999996,6515.33,24083.230000000003,52.78,1.21,80,2.97,11.56,0.38,3,2026-02-22 13:53:53.998996-05
2017-09-28,142,142,165,8314.71,973.3600000000001,7341.319999999997,26349.100000000002,58.55,1.16,73,3.13,11.34,0.44,3,2026-02-22 13:53:53.998996-05
2017-09-29,116,114,135,10635.659999999994,891.6599999999997,9744.009999999998,33703.999999999985,91.69,1.16,57,2.9,12.73,0.67,5,2026-02-22 13:53:53.998996-05
2017-09-30,109,109,120,4695.250000000001,692.2000000000002,4003.0200000000004,14879.170000000004,43.08,1.1,61,3.0,11.43,0.67,0,2026-02-22 13:53:53.998996-05
2017-10-01,126,124,142,6775.619999999998,959.3300000000005,5816.159999999995,21471.549999999996,53.77,1.13,77,3.29,11.92,0.59,3,2026-02-22 13:53:53.998996-05
2017-10-02,142,142,166,7990.839999999995,1083.33,6907.410000000001,25178.300000000007,56.27,1.17,74,2.88,10.89,0.45,2,2026-02-22 13:53:53.998996-05
2017-10-03,198,195,218,9644.609999999991,1355.300000000001,8289.2,30389.12,48.71,1.1,104,2.62,11.2,0.45,5,2026-02-22 13:53:53.998996-05
2017-10-04,157,155,171,7866.860000000002,1139.2799999999997,6727.53,24787.57999999999,50.11,1.09,71,2.61,11.97,0.44,1,2026-02-22 13:53:53.998996-05
2017-10-05,139,139,170,9145.160000000002,1137.76,8007.359999999999,28815.440000000006,65.79,1.22,73,2.97,12.73,0.4,5,2026-02-22 13:53:53.998996-05
2017-10-06,125,123,153,6323.459999999996,920.2300000000004,5403.15,19924.43,50.59,1.22,72,3.13,14.33,0.73,7,2026-02-22 13:53:53.998996-05
2017-10-07,102,101,116,5529.49,733.6300000000002,4795.7699999999995,17422.649999999998,54.21,1.14,65,3.38,13.62,0.48,6,2026-02-22 13:53:53.998996-05
2017-10-08,124,122,137,6164.649999999997,915.6000000000001,5248.990000000002,19424.089999999997,49.71,1.1,70,2.92,10.84,0.42,0,2026-02-22 13:53:53.998996-05
2017-10-09,189,187,221,10642.73,1451.1899999999998,9191.520000000004,33750.99999999998,56.31,1.17,83,2.41,12.2,0.53,9,2026-02-22 13:53:53.998996-05
2017-10-10,178,177,204,10012.859999999997,1160.77,8852.099999999999,31753.46,56.25,1.15,86,2.84,12.24,0.45,12,2026-02-22 13:53:53.998996-05
2017-10-11,156,152,178,8172.209999999999,1023.8599999999999,7148.320000000003,25916.4,52.39,1.14,77,2.66,11.44,0.49,7,2026-02-22 13:53:53.998996-05
2017-10-12,138,137,156,6972.370000000001,1074.1300000000008,5898.26,22111.289999999994,50.52,1.13,86,3.28,12.74,0.41,4,2026-02-22 13:53:53.998996-05
2017-10-13,151,150,165,8326.38,1111.3200000000004,7215.110000000003,26405.40999999999,55.14,1.09,83,3.04,12.98,0.58,8,2026-02-22 13:53:53.998996-05
2017-10-14,115,115,127,5086.759999999998,832.6700000000002,4254.079999999998,16131.480000000001,44.23,1.1,65,2.93,11.13,0.73,4,2026-02-22 13:53:53.998996-05
2017-10-15,120,120,137,6716.249999999997,803.2999999999998,5913.000000000002,21299.149999999994,55.97,1.14,66,3.2,10.24,0.51,4,2026-02-22 13:53:53.998996-05
2017-10-16,194,193,226,11073.59,1428.0300000000002,9645.589999999997,35107.63,57.08,1.16,106,3.09,11.38,0.36,9,2026-02-22 13:53:53.998996-05
2017-10-17,197,194,259,10962.890000000007,1602.4399999999998,9360.369999999999,34756.27000000001,55.65,1.31,100,3.03,11.98,0.41,14,2026-02-22 13:53:53.998996-05
2017-10-18,176,174,223,9936.26000000001,1338.6599999999994,8597.669999999995,31501.85999999998,56.46,1.27,96,2.93,10.94,0.49,6,2026-02-22 13:53:53.998996-05
2017-10-19,175,172,195,8487.800000000001,1162.6300000000003,7325.1900000000005,26909.609999999986,48.5,1.11,96,3.0,11.59,0.46,6,2026-02-22 13:53:53.998996-05
2017-10-20,119,119,130,6772.45,923.5700000000003,5849.000000000001,21471.399999999998,56.91,1.09,71,3.29,12.0,0.7,4,2026-02-22 13:53:53.998996-05
2017-10-21,108,106,122,5392.32,799.9100000000005,4592.3600000000015,17095.83,49.93,1.13,61,2.87,11.01,0.54,3,2026-02-22 13:53:53.998996-05
2017-10-22,156,153,181,7308.72,1083.68,6225.049999999997,23171.489999999998,46.85,1.16,98,3.04,11.13,0.32,8,2026-02-22 13:53:53.998996-05
2017-10-23,157,155,188,7927.359999999997,1093.1100000000001,6834.210000000003,25679.099999999988,50.49,1.2,69,2.69,10.83,0.49,4,2026-02-22 13:53:53.998996-05
2017-10-24,163,162,192,7937.250000000004,1129.7200000000003,6807.41,25710.979999999996,48.69,1.18,83,2.71,10.84,0.56,9,2026-02-22 13:53:53.998996-05
2017-10-25,154,151,171,6400.060000000001,995.3400000000003,5404.57,20731.59,41.56,1.11,75,2.73,11.78,0.44,4,2026-02-22 13:53:53.998996-05
2017-10-26,142,141,178,7896.3,1150.2999999999997,6745.800000000003,25578.35000000001,55.61,1.25,79,3.37,11.39,0.37,8,2026-02-22 13:53:53.998996-05
2017-10-27,131,131,156,7147.409999999999,856.5499999999998,6290.7699999999995,23152.45000000001,54.56,1.19,68,2.85,12.88,0.6,7,2026-02-22 13:53:53.998996-05
2017-10-28,86,83,97,5841.580000000003,752.8399999999999,5088.660000000001,18922.480000000003,67.93,1.13,55,3.64,12.73,0.59,2,2026-02-22 13:53:53.998996-05
2017-10-29,129,126,159,6189.179999999999,925.8700000000001,5263.100000000002,20048.320000000007,47.98,1.23,69,2.98,10.81,0.47,5,2026-02-22 13:53:53.998996-05
2017-10-30,143,142,168,7127.659999999998,947.3600000000004,6180.240000000001,23290.789999999997,49.84,1.17,66,2.86,11.21,0.52,13,2026-02-22 13:53:53.998996-05
2017-10-31,157,156,194,8215.800000000001,928.3999999999997,7287.44,26846.529999999966,52.33,1.24,68,2.97,11.81,0.48,8,2026-02-22 13:53:53.998996-05
2017-11-01,109,108,127,6753.129999999997,821.2000000000002,5931.930000000002,22066.99,61.96,1.17,61,3.35,12.75,0.41,4,2026-02-22 13:53:53.998996-05
2017-11-02,119,119,143,7326.669999999998,849.97,6476.74,23941.109999999993,61.57,1.2,84,3.82,12.72,0.48,4,2026-02-22 13:53:53.998996-05
2017-11-03,138,137,169,7967.849999999995,976.9200000000002,6990.960000000001,26036.150000000005,57.74,1.22,67,2.7,12.59,0.57,3,2026-02-22 13:53:53.998996-05
2017-11-04,111,110,135,6822.870000000002,956.5799999999997,5866.289999999998,22294.810000000005,61.47,1.22,58,3.21,12.15,0.76,4,2026-02-22 13:53:53.998996-05
2017-11-05,140,135,161,6121.61,1083.9300000000003,5037.639999999999,20003.43999999999,43.73,1.15,69,2.69,11.43,0.51,3,2026-02-22 13:53:53.998996-05
2017-11-06,187,187,205,9908.420000000007,1375.5199999999995,8532.83,32360.349999999977,52.99,1.1,94,2.88,13.37,0.81,11,2026-02-22 13:53:53.998996-05
2017-11-07,157,156,177,7535.599999999998,1157.6900000000007,6377.829999999999,24610.71999999999,48.0,1.13,85,3.32,11.52,0.4,8,2026-02-22 13:53:53.998996-05
2017-11-08,173,171,198,7116.4299999999985,1229.1600000000003,5887.220000000004,23241.950000000015,41.14,1.14,79,2.47,12.05,0.46,9,2026-02-22 13:53:53.998996-05
2017-11-09,186,186,221,8708.209999999997,1163.57,7544.669999999999,28440.6,46.82,1.19,84,2.6,12.13,0.43,7,2026-02-22 13:53:53.998996-05
2017-11-10,163,162,188,6928.61,1011.7900000000003,5916.770000000003,22628.520000000004,42.51,1.15,80,2.66,13.65,0.64,9,2026-02-22 13:53:53.998996-05
2017-11-11,154,153,174,8136.71,1032.17,7104.509999999998,26574.060000000005,52.84,1.13,82,2.82,14.31,0.65,7,2026-02-22 13:53:53.998996-05
2017-11-12,172,172,186,8123.080000000004,1053.79,7069.14,26529.309999999994,47.23,1.08,94,2.95,12.91,0.47,7,2026-02-22 13:53:53.998996-05
2017-11-13,200,199,233,8889.330000000005,1499.3999999999996,7389.790000000001,29110.71999999999,44.45,1.17,96,2.7,13.39,0.5,15,2026-02-22 13:53:53.998996-05
2017-11-14,185,183,213,9442.43,1291.51,8150.910000000001,30922.169999999987,51.04,1.15,90,2.88,15.53,0.55,19,2026-02-22 13:53:53.998996-05
2017-11-15,182,181,213,8161.350000000002,1154.1499999999999,7007.190000000003,26726.960000000006,44.84,1.17,103,3.0,12.88,0.53,9,2026-02-22 13:53:53.998996-05
2017-11-16,224,222,257,10051.839999999995,1419.6999999999998,8632.05,32918.08999999999,44.87,1.15,99,2.35,13.58,0.5,17,2026-02-22 13:53:53.998996-05
2017-11-17,189,187,225,10440.909999999994,1521.6700000000008,8919.21,34192.170000000006,55.24,1.19,98,2.74,13.58,0.69,14,2026-02-22 13:53:53.998996-05
2017-11-18,145,142,170,8301.29,1209.3699999999997,7091.88,27185.149999999998,57.25,1.17,76,2.96,14.38,0.7,15,2026-02-22 13:53:53.998996-05
2017-11-19,158,155,176,7118.790000000001,1025.1899999999998,6093.609999999998,23312.609999999993,45.06,1.11,74,2.74,11.93,0.43,16,2026-02-22 13:53:53.998996-05
2017-11-20,225,223,261,15387.800000000007,1776.5300000000009,13611.209999999997,50009.08999999995,68.39,1.16,129,3.07,13.45,0.37,29,2026-02-22 13:53:53.998996-05
2017-11-21,224,223,256,12047.080000000002,1520.8500000000001,10526.280000000006,39152.16999999999,53.78,1.14,116,2.75,13.82,0.47,40,2026-02-22 13:53:53.998996-05
2017-11-22,197,194,238,9122.659999999994,1529.1300000000012,7593.539999999998,29647.81999999999,46.31,1.21,96,2.7,14.31,0.38,28,2026-02-22 13:53:53.998996-05
2017-11-23,275,271,334,15484.110000000004,2079.520000000002,13404.590000000007,50322.10999999994,56.31,1.21,150,3.43,16.08,0.53,37,2026-02-22 13:53:53.998996-05
2017-11-24,1166,1151,1366,54886.52999999995,7915.609999999986,46971.750000000095,178377.62999999986,47.07,1.17,694,3.59,17.09,0.65,199,2026-02-22 13:53:53.998996-05
2017-11-25,499,492,580,22110.639999999985,3364.810000000002,18746.15000000001,71858.15999999997,44.31,1.16,281,3.63,19.29,0.56,102,2026-02-22 13:53:53.998996-05
2017-11-26,387,382,455,16383.73,2544.620000000003,13839.130000000003,53245.629999999976,42.34,1.18,208,3.23,16.54,0.49,68,2026-02-22 13:53:53.998996-05
2017-11-27,400,396,474,17498.790000000005,2693.9500000000016,14804.69,56644.85000000002,43.75,1.19,216,3.41,16.32,0.45,72,2026-02-22 13:53:53.998996-05
2017-11-28,376,373,431,17376.22999999998,2583.0400000000027,14793.14000000001,56248.46999999994,46.21,1.15,183,2.92,15.46,0.59,64,2026-02-22 13:53:53.998996-05
2017-11-29,318,317,365,14510.47,2219.3800000000006,12291.240000000002,46971.77999999999,45.63,1.15,163,2.95,17.76,0.52,58,2026-02-22 13:53:53.998996-05
2017-11-30,264,261,295,11312.129999999997,1635.7099999999998,9676.249999999995,36618.09000000001,42.85,1.12,120,2.9,15.92,0.75,26,2026-02-22 13:53:53.998996-05
2017-12-01,274,267,312,14202.269999999999,1851.06,12351.259999999995,45973.81999999996,51.83,1.14,148,3.18,16.39,0.58,29,2026-02-22 13:53:53.998996-05
2017-12-02,214,213,235,11032.520000000002,1391.7300000000007,9640.84,35713.17999999999,51.55,1.1,113,2.8,16.58,0.66,25,2026-02-22 13:53:53.998996-05
2017-12-03,231,231,261,10567.41,1527.4000000000012,9039.930000000015,34207.419999999955,45.75,1.13,123,2.84,14.99,0.52,24,2026-02-22 13:53:53.998996-05
2017-12-04,330,326,368,16421.630000000005,2119.130000000002,14302.420000000006,53445.51999999995,49.76,1.12,163,2.7,15.67,0.82,42,2026-02-22 13:53:53.998996-05
2017-12-05,277,276,323,12155.260000000011,1821.4100000000028,10333.890000000001,39560.419999999984,43.88,1.17,135,2.75,15.42,0.44,29,2026-02-22 13:53:53.998996-05
2017-12-06,273,269,314,13977.339999999998,1933.0300000000018,12044.209999999992,45490.22000000003,51.2,1.15,143,2.8,16.51,0.48,27,2026-02-22 13:53:53.998996-05
2017-12-07,226,225,257,10115.190000000002,1494.8700000000008,8620.38,32920.880000000005,44.76,1.14,92,2.45,16.01,0.58,22,2026-02-22 13:53:53.998996-05
2017-12-08,215,214,237,10558.089999999987,1387.1200000000003,9170.939999999997,34362.21999999999,49.11,1.1,99,2.58,16.76,0.72,24,2026-02-22 13:53:53.998996-05
2017-12-09,155,153,170,7263.46,1109.9400000000005,6153.5899999999965,23639.519999999993,46.86,1.1,82,3.14,17.4,0.5,12,2026-02-22 13:53:53.998996-05
2017-12-10,187,183,205,8793.020000000006,1204.880000000001,7588.080000000004,28617.279999999995,47.02,1.1,99,2.97,14.85,0.47,13,2026-02-22 13:53:53.998996-05
2017-12-11,266,263,295,11792.889999999992,1619.7999999999986,10173.180000000006,39071.52999999997,44.33,1.11,141,2.97,15.34,0.53,14,2026-02-22 13:53:53.998996-05
2017-12-12,258,256,295,11637.759999999995,1536.02,10101.800000000001,38557.379999999976,45.11,1.14,147,3.28,15.22,0.34,23,2026-02-22 13:53:53.998996-05
2017-12-13,217,212,260,10299.829999999998,1437.6799999999992,8862.180000000004,34124.76999999999,47.46,1.2,113,3.21,14.0,0.43,9,2026-02-22 13:53:53.998996-05
2017-12-14,199,198,215,8928.370000000004,1296.35,7632.129999999999,29580.86999999998,44.87,1.08,88,2.8,15.44,0.47,11,2026-02-22 13:53:53.998996-05
2017-12-15,192,191,208,9493.079999999996,1228.37,8264.7,31451.629999999997,49.44,1.08,95,3.08,16.09,0.73,10,2026-02-22 13:53:53.998996-05
2017-12-16,131,130,144,6914.009999999998,788.0300000000001,6126.050000000002,22907.06,52.78,1.1,75,3.37,15.65,0.56,6,2026-02-22 13:53:53.998996-05
2017-12-17,133,130,151,6672.239999999998,843.27,5829.089999999998,22106.00000000001,50.17,1.14,74,3.25,13.03,0.45,4,2026-02-22 13:53:53.998996-05
2017-12-18,208,207,233,10254.450000000003,1409.94,8844.53,33810.61,49.3,1.12,108,3.31,14.68,0.48,12,2026-02-22 13:53:53.998996-05
2017-12-19,174,173,201,7317.879999999998,1065.2500000000002,6252.629999999995,24128.28999999999,42.06,1.16,75,2.55,14.36,0.52,12,2026-02-22 13:53:53.998996-05
2017-12-20,171,170,196,9706.689999999999,1227.19,8479.529999999999,32004.66999999999,56.76,1.15,90,2.99,15.96,0.4,9,2026-02-22 13:53:53.998996-05
2017-12-21,142,141,155,6440.079999999995,881.49,5558.500000000003,21233.95,45.35,1.09,66,2.94,14.21,0.49,8,2026-02-22 13:53:53.998996-05
2017-12-22,110,110,127,5219.009999999999,689.2400000000001,4529.709999999998,17208.04,47.45,1.15,54,3.05,15.78,0.45,5,2026-02-22 13:53:53.998996-05
2017-12-23,107,106,119,4657.710000000001,752.83,3904.9100000000003,15357.090000000006,43.53,1.11,57,3.28,17.3,0.83,12,2026-02-22 13:53:53.998996-05
2017-12-24,58,58,60,2034.6500000000003,323.17999999999984,1711.5199999999998,6708.530000000002,35.08,1.03,32,2.9,11.65,0.69,0,2026-02-22 13:53:53.998996-05
2017-12-25,90,88,101,3830.339999999999,689.9499999999999,3140.3500000000004,12662.230000000003,42.56,1.12,43,2.73,14.94,0.44,6,2026-02-22 13:53:53.998996-05
2017-12-26,168,168,181,7195.819999999995,979.6200000000008,6216.099999999996,23787.739999999994,42.83,1.08,82,2.97,12.33,0.39,4,2026-02-22 13:53:53.998996-05
2017-12-27,166,166,184,6360.860000000002,1006.46,5354.25,21027.51,38.32,1.11,69,2.51,13.55,0.4,4,2026-02-22 13:53:53.998996-05
2017-12-28,146,146,157,5379.0700000000015,830.2399999999999,4548.73,17782.04999999999,36.84,1.08,83,2.99,14.77,0.18,7,2026-02-22 13:53:53.998996-05
2017-12-29,133,132,151,5676.62,823.7,4852.870000000003,18765.65,42.68,1.14,73,2.94,15.13,0.85,4,2026-02-22 13:53:53.998996-05
2017-12-30,96,96,108,4594.809999999999,649.3599999999998,3945.36,15189.490000000002,47.86,1.13,50,3.09,15.75,0.78,3,2026-02-22 13:53:53.998996-05
2017-12-31,73,73,77,3064.7100000000014,450.88999999999976,2613.8500000000013,10131.199999999999,41.98,1.05,38,3.25,13.45,0.64,1,2026-02-22 13:53:53.998996-05
2018-01-01,73,73,81,2578.7700000000004,443.62,2135.120000000001,8391.919999999998,35.33,1.11,34,2.77,12.68,0.51,3,2026-02-22 13:53:53.998996-05
2018-01-02,203,203,233,9037.569999999996,1258.450000000001,7779.050000000002,29410.510000000017,44.52,1.15,92,2.46,12.02,0.38,3,2026-02-22 13:53:53.998996-05
2018-01-03,221,220,246,11101.569999999992,1487.2500000000002,9614.189999999997,36127.12999999999,50.23,1.11,110,2.72,13.58,0.46,8,2026-02-22 13:53:53.998996-05
2018-01-04,255,253,278,12265.890000000003,1560.040000000001,10705.800000000003,39916.15999999998,48.1,1.09,109,2.47,13.97,0.49,13,2026-02-22 13:53:53.998996-05
2018-01-05,209,207,244,9903.119999999999,1384.8699999999994,8518.209999999994,32227.359999999997,47.38,1.17,99,2.8,14.8,0.62,9,2026-02-22 13:53:53.998996-05
2018-01-06,215,214,258,10011.86,1527.6700000000005,8484.16,32581.27999999999,46.57,1.2,98,2.86,15.23,0.82,5,2026-02-22 13:53:53.998996-05
2018-01-07,195,195,220,10422.710000000003,1378.1599999999994,9044.450000000003,33918.120000000024,53.45,1.13,97,2.73,12.63,0.35,4,2026-02-22 13:53:53.998996-05
2018-01-08,292,290,334,13969.249999999998,1996.1200000000015,11973.260000000002,45168.64999999996,47.84,1.14,139,2.55,12.81,0.48,9,2026-02-22 13:53:53.998996-05
2018-01-09,251,250,272,10948.550000000003,1593.5,9355.109999999999,35401.330000000016,43.62,1.08,118,2.64,13.42,0.76,9,2026-02-22 13:53:53.998996-05
2018-01-10,277,277,317,13861.800000000001,1961.1300000000015,11900.650000000007,44820.92,50.04,1.14,127,2.58,15.03,0.43,16,2026-02-22 13:53:53.998996-05
2018-01-11,264,263,305,14329.24999999999,1940.93,12388.46000000001,46332.499999999985,54.28,1.16,113,2.73,14.06,0.5,7,2026-02-22 13:53:53.998996-05
2018-01-12,239,238,284,11422.279999999995,1838.2100000000014,9583.949999999999,36932.97000000001,47.79,1.19,120,2.74,14.71,0.67,10,2026-02-22 13:53:53.998996-05
2018-01-13,216,214,240,10106.870000000003,1418.9000000000005,8688.039999999997,32679.83000000001,46.79,1.11,108,2.74,13.29,0.67,5,2026-02-22 13:53:53.998996-05
2018-01-14,232,227,252,10944.789999999997,1368.950000000001,9575.82,35388.82999999999,47.18,1.09,121,2.69,13.33,0.47,13,2026-02-22 13:53:53.998996-05
2018-01-15,305,302,340,13996.460000000001,2068.8100000000027,11927.46000000001,44978.729999999996,45.89,1.11,137,2.5,12.97,0.38,15,2026-02-22 13:53:53.998996-05
2018-01-16,301,298,362,15899.359999999995,2133.720000000002,13765.710000000021,51093.97,52.82,1.2,153,2.66,13.56,0.39,22,2026-02-22 13:53:53.998996-05
2018-01-17,282,280,300,13113.580000000004,1883.3800000000015,11230.280000000015,42141.52999999997,46.5,1.06,132,2.62,13.09,0.33,14,2026-02-22 13:53:53.998996-05
2018-01-18,238,232,274,10194.109999999997,1551.1300000000012,8642.949999999997,32759.39000000003,42.83,1.15,112,2.55,13.81,0.68,14,2026-02-22 13:53:53.998996-05
2018-01-19,232,230,263,10973.7,1652.4100000000003,9321.300000000007,35264.82999999998,47.3,1.13,108,2.78,14.76,0.66,18,2026-02-22 13:53:53.998996-05
2018-01-20,183,180,207,8327.789999999997,1409.4700000000014,6918.419999999999,26761.960000000006,45.51,1.13,90,2.79,15.02,0.95,16,2026-02-22 13:53:53.998996-05
2018-01-21,193,192,212,8637.250000000002,1259.4900000000005,7377.790000000004,27756.279999999984,44.75,1.1,92,2.68,14.41,1.19,17,2026-02-22 13:53:53.998996-05
2018-01-22,309,304,352,13607.89,1959.5300000000009,11648.559999999998,43279.46000000002,44.04,1.14,138,2.65,12.74,0.38,23,2026-02-22 13:53:53.998996-05
2018-01-23,260,257,298,12522.670000000004,1729.7799999999993,10792.880000000006,39827.74000000003,48.16,1.15,135,2.68,13.91,0.39,22,2026-02-22 13:53:53.998996-05
2018-01-24,240,237,268,11489.11,1612.11,9877.100000000004,36540.79000000001,47.87,1.12,117,2.79,16.34,0.35,30,2026-02-22 13:53:53.998996-05
2018-01-25,230,226,263,10863.669999999998,1579.289999999999,9284.410000000005,34551.44999999998,47.23,1.14,114,3.11,14.84,0.39,13,2026-02-22 13:53:53.998996-05
2018-01-26,225,224,262,12255.340000000004,1637.4200000000003,10617.989999999998,38977.71999999998,54.47,1.16,121,2.99,13.99,0.42,13,2026-02-22 13:53:53.998996-05
2018-01-27,150,147,172,7723.680000000002,949.6199999999998,6774.020000000008,24564.620000000006,51.49,1.15,76,2.84,13.84,0.43,7,2026-02-22 13:53:53.998996-05
2018-01-28,152,150,165,8487.520000000002,1044.6399999999996,7442.919999999999,26994.250000000004,55.84,1.09,85,2.97,13.1,0.42,6,2026-02-22 13:53:53.998996-05
2018-01-29,242,239,283,11166.399999999992,1713.1500000000003,9453.239999999998,35422.01999999997,46.14,1.17,118,2.65,15.77,0.42,23,2026-02-22 13:53:53.998996-05
2018-01-30,251,247,307,10855.960000000001,1764.5400000000002,9091.409999999994,34437.18999999999,43.25,1.22,114,2.46,15.59,0.75,25,2026-02-22 13:53:53.998996-05
2018-01-31,252,247,281,11749.210000000001,1566.0200000000007,10183.030000000002,37270.569999999985,46.62,1.12,118,2.57,14.44,0.42,11,2026-02-22 13:53:53.998996-05
2018-02-01,228,225,264,11129.349999999993,1676.5800000000013,9452.720000000003,35304.23999999999,48.81,1.16,115,2.81,14.81,0.42,12,2026-02-22 13:53:53.998996-05
2018-02-02,208,206,252,10195.589999999998,1490.769999999999,8704.84000000001,32342.349999999995,49.02,1.21,99,2.58,17.01,0.59,16,2026-02-22 13:53:53.998996-05
2018-02-03,190,189,206,8564.14,1286.8400000000004,7277.189999999997,27166.83999999999,45.07,1.08,95,2.81,16.81,0.61,7,2026-02-22 13:53:53.998996-05
2018-02-04,200,199,221,8835.320000000003,1329.2900000000002,7506.06,28027.409999999993,44.18,1.11,106,2.91,14.79,0.35,7,2026-02-22 13:53:53.998996-05
2018-02-05,266,260,308,13070.03999999999,1761.0400000000016,11309.150000000003,42606.81999999997,49.14,1.16,142,2.86,16.5,0.39,21,2026-02-22 13:53:53.998996-05
2018-02-06,266,262,299,12146.539999999994,1745.65,10400.869999999997,39596.14999999995,45.66,1.12,128,2.71,15.3,0.41,14,2026-02-22 13:53:53.998996-05
2018-02-07,243,239,280,11074.879999999996,1528.0400000000018,9546.86,36102.54000000001,45.58,1.15,111,2.71,15.44,0.4,15,2026-02-22 13:53:53.998996-05
2018-02-08,225,222,250,9671.339999999995,1366.0500000000009,8305.550000000003,31527.539999999975,42.98,1.11,105,2.91,17.3,0.36,23,2026-02-22 13:53:53.998996-05
2018-02-09,209,207,226,10622.429999999998,1244.4600000000014,9378.07,34627.499999999985,50.83,1.08,100,2.88,18.15,0.78,23,2026-02-22 13:53:53.998996-05
2018-02-10,175,170,194,7636.560000000003,1155.1200000000003,6481.6799999999985,24894.289999999997,43.64,1.11,100,3.07,16.54,0.67,14,2026-02-22 13:53:53.998996-05
2018-02-11,169,166,187,7931.750000000004,1049.6,6882.179999999999,25856.329999999998,46.93,1.11,73,2.38,16.78,0.72,22,2026-02-22 13:53:53.998996-05
2018-02-12,214,210,249,8432.160000000002,1310.9100000000003,7121.17,27536.859999999993,39.4,1.16,112,2.7,16.77,0.62,31,2026-02-22 13:53:53.998996-05
2018-02-13,220,216,261,8563.309999999998,1362.3400000000006,7200.9400000000005,27965.509999999987,38.92,1.19,110,2.41,14.75,0.44,25,2026-02-22 13:53:53.998996-05
2018-02-14,290,279,341,13172.079999999994,1893.8899999999996,11278.000000000004,43016.299999999996,45.42,1.18,147,2.81,15.13,0.57,30,2026-02-22 13:53:53.998996-05
2018-02-15,276,270,311,11493.439999999986,1704.1100000000008,9789.240000000009,37534.459999999985,41.64,1.13,129,2.45,16.0,0.44,37,2026-02-22 13:53:53.998996-05
2018-02-16,212,210,245,9698.919999999996,1463.410000000001,8235.499999999998,31674.13000000001,45.75,1.16,106,2.58,16.55,0.47,28,2026-02-22 13:53:53.998996-05
2018-02-17,199,197,221,8964.129999999996,1357.3099999999988,7606.729999999997,29274.24,45.05,1.11,98,2.73,17.2,0.52,25,2026-02-22 13:53:53.998996-05
2018-02-18,200,197,232,8860.790000000005,1361.210000000001,7499.540000000001,28936.999999999996,44.3,1.16,101,2.75,15.95,0.27,29,2026-02-22 13:53:53.998996-05
2018-02-19,255,252,291,10259.869999999997,1686.4800000000002,8573.640000000001,33350.47999999998,40.23,1.14,116,2.55,15.67,0.45,44,2026-02-22 13:53:53.998996-05
2018-02-20,285,283,312,13023.689999999993,1821.9600000000023,11201.819999999994,42333.98999999998,45.7,1.09,126,2.55,14.84,0.42,34,2026-02-22 13:53:53.998996-05
2018-02-21,261,251,306,11563.610000000002,1686.1400000000015,9877.740000000014,37588.369999999995,44.31,1.17,114,2.49,16.68,0.45,52,2026-02-22 13:53:53.998996-05
2018-02-22,274,270,353,11392.01999999999,1807.4899999999986,9584.549999999994,37030.03,41.58,1.29,126,2.32,17.57,0.38,53,2026-02-22 13:53:53.998996-05
2018-02-23,235,227,260,10174.520000000002,1430.0700000000006,8744.620000000003,33072.96,43.3,1.11,107,2.34,19.03,0.56,43,2026-02-22 13:53:53.998996-05
2018-02-24,189,184,208,8684.420000000004,1236.3899999999996,7448.0199999999995,28229.00000000002,45.95,1.1,103,2.89,21.24,0.56,47,2026-02-22 13:53:53.998996-05
2018-02-25,236,231,268,10695.220000000003,1757.0700000000006,8938.169999999998,34765.19,45.32,1.14,115,2.67,18.86,0.52,53,2026-02-22 13:53:53.998996-05
2018-02-26,293,285,331,15384.350000000002,1948.9300000000026,13435.230000000005,49961.66999999997,52.51,1.13,135,2.65,19.52,0.45,79,2026-02-22 13:53:53.998996-05
2018-02-27,296,286,364,14454.090000000002,2090.8600000000024,12363.379999999988,46941.17999999998,48.83,1.23,147,2.64,18.95,0.43,73,2026-02-22 13:53:53.998996-05
2018-02-28,311,306,357,16080.450000000012,2076.1400000000026,14004.350000000006,52222.77999999996,51.71,1.15,136,2.59,18.26,0.55,69,2026-02-22 13:53:53.998996-05
2018-03-01,272,269,313,14125.24,1998.8900000000017,12126.429999999991,45872.90999999998,51.93,1.15,129,2.58,18.24,0.46,71,2026-02-22 13:53:53.998996-05
2018-03-02,265,259,303,11508.04,1723.52,9784.65,37373.529999999955,43.43,1.14,136,2.92,19.98,0.42,79,2026-02-22 13:53:53.998996-05
2018-03-03,209,203,227,9554.4,1520.3900000000008,8033.980000000004,31028.699999999964,45.71,1.09,113,3.15,19.39,0.68,55,2026-02-22 13:53:53.998996-05
2018-03-04,235,231,250,11501.16,1511.590000000002,9989.55,37350.98999999998,48.94,1.06,131,3.05,19.02,0.37,61,2026-02-22 13:53:53.998996-05
2018-03-05,259,255,313,13927.720000000007,2169.6600000000003,11758.089999999998,45149.38999999998,53.77,1.21,138,3.01,18.04,0.42,67,2026-02-22 13:53:53.998996-05
2018-03-06,271,269,305,14181.140000000001,2096.82,12084.399999999992,45971.25000000001,52.33,1.13,135,2.93,18.03,0.41,74,2026-02-22 13:53:53.998996-05
2018-03-07,258,255,289,13101.479999999987,1953.8299999999997,11147.849999999997,42471.16000000001,50.78,1.12,139,3.14,18.5,0.39,66,2026-02-22 13:53:53.998996-05
2018-03-08,233,229,271,10383.439999999999,1747.6699999999996,8635.780000000006,33659.86000000001,44.56,1.16,123,3.06,16.97,0.47,49,2026-02-22 13:53:53.998996-05
2018-03-09,203,202,229,10400.78,1638.3199999999993,8762.609999999995,33716.51000000003,51.24,1.13,104,2.85,18.65,0.56,42,2026-02-22 13:53:53.998996-05
2018-03-10,191,189,213,9423.330000000007,1413.7200000000007,8009.760000000002,30547.789999999994,49.34,1.12,134,4.08,19.07,0.43,43,2026-02-22 13:53:53.998996-05
2018-03-11,218,217,239,11296.040000000005,1634.2500000000011,9661.720000000001,36618.35000000001,51.82,1.1,128,3.18,17.38,0.34,55,2026-02-22 13:53:53.998996-05
2018-03-12,232,230,259,10999.469999999998,1618.2900000000002,9381.189999999993,35930.90999999998,47.41,1.12,120,2.85,18.19,0.5,65,2026-02-22 13:53:53.998996-05
2018-03-13,226,225,268,12814.130000000003,1861.9399999999996,10952.08999999999,41858.27000000002,56.7,1.19,110,2.99,16.71,0.45,46,2026-02-22 13:53:53.998996-05
2018-03-14,198,197,235,8670.73,1467.9100000000003,7202.859999999999,28323.84000000001,43.79,1.19,102,2.78,17.12,0.45,45,2026-02-22 13:53:53.998996-05
2018-03-15,286,285,327,15748.590000000004,2183.460000000001,13565.05999999999,51444.060000000005,55.07,1.14,145,3.11,16.85,0.39,59,2026-02-22 13:53:53.998996-05
2018-03-16,252,249,290,11865.579999999998,1814.6299999999994,10050.859999999995,38760.00999999999,47.09,1.15,124,2.74,16.35,0.55,46,2026-02-22 13:53:53.998996-05
2018-03-17,180,179,191,7346.170000000001,1199.56,6146.549999999999,23996.86,40.81,1.06,103,3.12,17.27,0.46,35,2026-02-22 13:53:53.998996-05
2018-03-18,215,210,232,11044.050000000005,1517.4,9526.499999999998,36076.38,51.37,1.08,132,3.07,14.59,0.34,29,2026-02-22 13:53:53.998996-05
2018-03-19,301,299,365,15921.760000000013,2402.850000000003,13518.87,52503.860000000015,52.9,1.21,140,2.98,14.67,0.46,50,2026-02-22 13:53:53.998996-05
2018-03-20,295,293,346,12899.219999999996,2154.610000000001,10744.589999999997,42536.700000000026,43.73,1.17,136,2.36,13.9,0.42,40,2026-02-22 13:53:53.998996-05
2018-03-21,284,281,314,14038.629999999997,2033.1500000000003,12005.480000000001,46294.00000000001,49.43,1.11,142,2.86,13.35,0.32,27,2026-02-22 13:53:53.998996-05
2018-03-22,254,252,296,11217.19,1780.199999999999,9436.899999999994,36989.790000000015,44.16,1.17,120,2.54,13.91,0.32,28,2026-02-22 13:53:53.998996-05
2018-03-23,219,218,256,10504.049999999996,1521.4200000000014,8982.490000000002,34638.16,47.96,1.17,100,2.56,13.12,0.48,13,2026-02-22 13:53:53.998996-05
2018-03-24,165,165,189,8403.46,1189.8899999999994,7213.629999999997,27711.420000000016,50.93,1.15,88,3.11,13.94,0.52,16,2026-02-22 13:53:53.998996-05
2018-03-25,190,189,226,9156.030000000002,1405.7000000000007,7750.180000000001,30192.79,48.19,1.19,100,2.85,13.97,0.44,24,2026-02-22 13:53:53.998996-05
2018-03-26,270,269,319,12631.99,1860.2599999999982,10771.82,41894.390000000014,46.79,1.18,134,2.56,13.59,0.39,31,2026-02-22 13:53:53.998996-05
2018-03-27,244,243,288,12246.259999999991,1775.6299999999999,10470.71,40615.27999999999,50.19,1.18,108,2.63,13.51,0.42,25,2026-02-22 13:53:53.998996-05
2018-03-28,218,218,241,10356.760000000006,1406.5899999999992,8950.110000000004,34348.62000000001,47.51,1.11,103,2.66,14.22,0.42,21,2026-02-22 13:53:53.998996-05
2018-03-29,193,193,223,10086.779999999999,1390.4800000000002,8696.330000000004,33452.96000000001,52.26,1.16,92,2.54,15.99,0.45,23,2026-02-22 13:53:53.998996-05
2018-03-30,165,165,185,7922.4400000000005,1262.4500000000005,6660.019999999998,26275.079999999994,48.01,1.12,88,2.95,14.89,0.65,19,2026-02-22 13:53:53.998996-05
2018-03-31,167,165,193,8760.199999999999,1160.7100000000007,7599.410000000003,29053.170000000013,52.46,1.16,93,3.16,13.54,0.51,24,2026-02-22 13:53:53.998996-05
2018-04-01,207,207,232,10308.68,1445.04,8863.700000000004,34189.000000000015,49.8,1.12,108,2.87,11.46,0.44,16,2026-02-22 13:53:53.998996-05
2018-04-02,280,280,331,14203.250000000004,2288.3599999999997,11915.109999999982,47350.519999999975,50.73,1.18,140,2.7,12.59,0.44,38,2026-02-22 13:53:53.998996-05
2018-04-03,246,246,279,12619.469999999996,1747.0699999999997,10872.569999999992,42070.51000000002,51.3,1.13,117,2.64,12.43,0.43,22,2026-02-22 13:53:53.998996-05
2018-04-04,257,255,287,13068.64999999999,1675.3900000000008,11393.470000000001,43567.82000000005,50.85,1.12,113,2.74,11.35,0.42,15,2026-02-22 13:53:53.998996-05
2018-04-05,266,264,298,12663.919999999998,1847.7600000000011,10816.399999999983,42218.80000000002,47.61,1.12,124,2.73,11.39,0.37,11,2026-02-22 13:53:53.998996-05
2018-04-06,188,188,212,9586.08,1335.0400000000004,8251.349999999995,31957.949999999997,50.99,1.13,84,2.45,11.67,0.66,5,2026-02-22 13:53:53.998996-05
2018-04-07,164,163,184,8703.380000000001,1049.1600000000005,7654.299999999994,29014.870000000003,53.07,1.12,83,2.85,12.31,0.68,7,2026-02-22 13:53:53.998996-05
2018-04-08,185,184,207,8362.130000000003,1324.08,7038.379999999995,27877.680000000004,45.2,1.12,105,2.9,11.12,0.42,10,2026-02-22 13:53:53.998996-05
2018-04-09,253,251,290,16438.05999999999,1907.8499999999992,14530.199999999995,55782.81999999999,64.97,1.15,127,2.8,10.56,0.49,11,2026-02-22 13:53:53.998996-05
2018-04-10,201,200,231,9587.490000000002,1374.5399999999986,8212.89,32535.26000000002,47.7,1.15,104,2.79,11.41,0.29,9,2026-02-22 13:53:53.998996-05
2018-04-11,274,273,310,13910.170000000002,1892.3399999999974,12017.800000000005,47204.46000000003,50.77,1.13,129,2.82,10.96,0.55,10,2026-02-22 13:53:53.998996-05
2018-04-12,255,254,298,11771.180000000008,1717.2699999999986,10053.720000000005,39945.39,46.16,1.17,127,2.72,12.33,0.74,7,2026-02-22 13:53:53.998996-05
2018-04-13,199,199,237,10342.630000000001,1546.12,8796.39,35097.580000000016,51.97,1.19,92,2.42,12.31,0.48,4,2026-02-22 13:53:53.998996-05
2018-04-14,146,144,172,6600.140000000001,1046.7599999999998,5553.459999999999,22397.870000000003,45.21,1.18,80,2.86,12.94,0.71,6,2026-02-22 13:53:53.998996-05
2018-04-15,223,221,264,10772.929999999997,1778.1999999999998,8994.810000000001,36558.189999999995,48.31,1.18,118,2.9,10.68,0.39,7,2026-02-22 13:53:53.998996-05
2018-04-16,279,278,319,13896.52999999999,2037.3599999999997,11859.339999999993,47289.810000000034,49.81,1.14,129,2.61,11.31,0.38,10,2026-02-22 13:53:53.998996-05
2018-04-17,264,263,310,12511.049999999996,1739.9999999999993,10771.220000000001,42575.01000000004,47.39,1.17,133,2.78,11.56,0.38,11,2026-02-22 13:53:53.998996-05
2018-04-18,280,279,315,13604.369999999988,2005.0799999999992,11599.449999999995,46295.73000000001,48.59,1.13,134,2.7,12.06,0.37,17,2026-02-22 13:53:53.998996-05
2018-04-19,290,288,353,14586.200000000004,1926.7899999999995,12659.550000000003,49636.91000000001,50.3,1.22,130,2.7,11.97,0.68,8,2026-02-22 13:53:53.998996-05
2018-04-20,196,196,229,9599.39,1267.339999999999,8332.089999999998,32666.480000000032,48.98,1.17,100,2.76,11.55,3.14,3,2026-02-22 13:53:53.998996-05
2018-04-21,156,156,169,6601.849999999994,1028.4299999999994,5573.469999999997,22465.889999999996,42.32,1.08,84,2.88,10.69,3.0,6,2026-02-22 13:53:53.998996-05
2018-04-22,200,199,233,9401.12,1363.8599999999997,8037.329999999998,31991.810000000005,47.01,1.17,110,2.97,9.89,2.03,5,2026-02-22 13:53:53.998996-05
2018-04-23,285,284,329,12793.980000000005,1929.050000000002,10864.970000000001,44363.30000000001,44.89,1.15,142,2.66,10.53,1.08,11,2026-02-22 13:53:53.998996-05
2018-04-24,270,268,310,14379.39,1964.960000000001,12414.269999999997,49860.67000000001,53.26,1.15,141,2.73,10.87,0.33,5,2026-02-22 13:53:53.998996-05
2018-04-25,283,282,320,13638.320000000005,1830.100000000001,11808.179999999995,47291.34000000001,48.19,1.13,149,2.88,10.98,0.3,8,2026-02-22 13:53:53.998996-05
2018-04-26,253,253,292,10561.620000000003,1503.3500000000006,9058.23,36622.61,41.75,1.15,121,2.82,11.24,0.36,9,2026-02-22 13:53:53.998996-05
2018-04-27,241,240,284,13451.349999999999,1719.5000000000018,11731.659999999996,46642.76000000001,55.81,1.18,129,2.89,11.95,0.41,11,2026-02-22 13:53:53.998996-05
2018-04-28,168,168,190,7729.460000000004,975.0100000000003,6754.359999999999,26801.960000000003,46.01,1.13,78,2.51,11.7,0.68,9,2026-02-22 13:53:53.998996-05
2018-04-29,170,170,187,6615.430000000003,1048.6300000000003,5566.700000000003,22939.280000000006,38.91,1.1,85,2.83,11.1,0.45,10,2026-02-22 13:53:53.998996-05
2018-04-30,240,240,285,11664.239999999994,1521.8300000000004,10142.450000000003,41036.61000000003,48.6,1.19,112,2.62,10.11,0.88,5,2026-02-22 13:53:53.998996-05
2018-05-01,254,254,276,10864.4,1494.61,9369.729999999998,38222.300000000025,42.77,1.09,136,2.79,10.08,0.36,9,2026-02-22 13:53:53.998996-05
2018-05-02,295,294,339,12723.750000000002,1764.1999999999991,10959.729999999998,44764.31999999998,43.13,1.15,135,2.63,10.8,0.42,16,2026-02-22 13:53:53.998996-05
2018-05-03,304,301,357,14091.430000000002,2011.8199999999988,12079.529999999992,49575.72000000001,46.35,1.17,144,2.72,10.72,0.44,10,2026-02-22 13:53:53.998996-05
2018-05-04,265,265,309,12931.259999999998,1638.1499999999999,11293.150000000001,45494.10000000001,48.8,1.17,135,2.95,11.23,0.58,7,2026-02-22 13:53:53.998996-05
2018-05-05,195,195,219,9244.800000000005,1218.1199999999994,8026.700000000002,32524.54000000002,47.41,1.12,106,2.94,10.76,0.75,10,2026-02-22 13:53:53.998996-05
2018-05-06,209,208,239,9295.699999999997,1255.1399999999994,8040.5999999999985,32703.940000000006,44.48,1.14,127,3.33,10.22,0.91,8,2026-02-22 13:53:53.998996-05
2018-05-07,369,367,416,17244.610000000008,2304.1699999999987,14940.369999999988,61418.730000000025,46.73,1.13,184,2.83,10.06,0.38,21,2026-02-22 13:53:53.998996-05
2018-05-08,327,327,378,15363.749999999996,1942.6899999999976,13421.069999999992,54720.09000000001,46.98,1.16,168,2.83,9.62,0.4,16,2026-02-22 13:53:53.998996-05
2018-05-09,341,339,391,14300.090000000004,2069.3099999999986,12230.649999999978,50931.479999999996,41.94,1.15,177,2.74,10.74,0.38,24,2026-02-22 13:53:53.998996-05
2018-05-10,278,276,333,16205.759999999991,2060.44,14145.359999999991,57719.27000000005,58.29,1.2,160,3.13,11.02,0.33,18,2026-02-22 13:53:53.998996-05
2018-05-11,246,246,284,12143.240000000002,1513.629999999999,10629.720000000003,43250.01,49.36,1.15,128,2.82,11.61,0.51,23,2026-02-22 13:53:53.998996-05
2018-05-12,204,204,239,9746.11,1434.2399999999996,8311.869999999995,34712.37000000001,47.78,1.17,108,2.9,11.23,0.4,13,2026-02-22 13:53:53.998996-05
2018-05-13,206,205,246,10164.460000000001,1372.5999999999992,8791.899999999998,36202.29000000001,49.34,1.19,118,3.29,9.92,0.37,10,2026-02-22 13:53:53.998996-05
2018-05-14,363,363,412,16958.11000000001,2282.2599999999998,14675.73,62053.89,46.72,1.13,180,2.94,10.06,0.38,40,2026-02-22 13:53:53.998996-05
2018-05-15,351,350,422,13507.720000000001,2288.3199999999997,11219.380000000001,49428.140000000036,38.48,1.2,178,2.98,10.59,0.33,38,2026-02-22 13:53:53.998996-05
2018-05-16,356,355,405,17677.370000000006,2308.3400000000015,15368.970000000014,64685.89999999999,49.66,1.14,184,2.83,12.2,0.4,43,2026-02-22 13:53:53.998996-05
2018-05-17,226,225,255,9816.159999999994,1221.4699999999993,8594.870000000003,35920.00999999999,43.43,1.13,113,2.87,13.85,0.88,36,2026-02-22 13:53:53.998996-05
2018-05-18,236,234,277,9955.419999999993,1314.1499999999992,8641.469999999996,36429.77999999997,42.18,1.17,107,2.7,13.59,0.49,26,2026-02-22 13:53:53.998996-05
2018-05-19,138,136,168,7704.129999999999,849.8699999999998,6854.2999999999965,28191.230000000003,55.83,1.22,73,2.99,13.77,0.71,14,2026-02-22 13:53:53.998996-05
2018-05-20,160,160,191,6290.080000000005,953.3800000000001,5336.729999999998,23016.98000000001,39.31,1.19,88,3.16,13.77,0.34,22,2026-02-22 13:53:53.998996-05
2018-05-21,201,201,236,8024.909999999998,1149.11,6875.770000000004,29446.710000000003,39.92,1.17,90,2.46,13.36,0.57,20,2026-02-22 13:53:53.998996-05
2018-05-22,197,197,228,8655.619999999997,1142.54,7513.110000000004,31761.339999999993,43.94,1.16,90,2.54,11.86,0.43,12,2026-02-22 13:53:53.998996-05
2018-05-23,132,132,150,5521.850000000002,752.4999999999995,4769.409999999999,20262.289999999997,41.83,1.14,54,2.61,11.55,0.32,3,2026-02-22 13:53:53.998996-05
2018-05-24,114,114,130,6070.319999999999,599.9300000000001,5470.349999999999,22274.669999999987,53.25,1.14,54,2.81,10.81,0.51,1,2026-02-22 13:53:53.998996-05
2018-05-25,103,103,128,4942.809999999999,612.7600000000002,4330.060000000001,18137.370000000003,47.99,1.24,44,2.88,12.35,0.67,1,2026-02-22 13:53:53.998996-05
2018-05-26,99,99,116,4609.389999999999,576.3399999999997,4033.0299999999993,16914.09,46.56,1.17,59,3.43,12.94,0.36,1,2026-02-22 13:53:53.998996-05
2018-05-27,100,98,112,4004.2799999999997,591.4999999999999,3412.9300000000003,14693.680000000002,40.04,1.12,53,3.03,13.49,0.35,0,2026-02-22 13:53:53.998996-05
2018-05-28,142,142,168,8084.910000000002,916.1300000000002,7168.809999999999,30114.99,56.94,1.18,76,3.09,11.25,0.36,0,2026-02-22 13:53:53.998996-05
2018-05-29,149,149,173,7901.2499999999945,1035.8400000000001,6865.340000000001,29430.63000000001,53.03,1.16,70,2.9,11.26,0.45,0,2026-02-22 13:53:53.998996-05
2018-05-30,140,140,155,6048.3899999999985,889.9399999999998,5158.360000000001,22529.08000000001,43.2,1.11,71,2.84,12.99,0.49,0,2026-02-22 13:53:53.998996-05
2018-05-31,133,132,146,7559.159999999998,817.5099999999999,6741.650000000001,28156.52000000001,56.84,1.1,85,3.34,11.51,0.49,1,2026-02-22 13:53:53.998996-05
2018-06-01,184,182,211,10009.29,1337.9000000000005,8671.279999999997,37282.66999999999,54.4,1.15,94,3.02,12.11,0.55,2,2026-02-22 13:53:53.998996-05
2018-06-02,142,142,158,7769.519999999999,986.1600000000001,6783.380000000003,28939.990000000023,54.71,1.11,78,3.33,12.3,0.56,1,2026-02-22 13:53:53.998996-05
2018-06-03,191,190,217,8824.600000000006,1183.4299999999996,7641.110000000001,32869.9,46.2,1.14,104,3.05,9.25,0.34,0,2026-02-22 13:53:53.998996-05
2018-06-04,225,222,258,9014.789999999994,1498.0200000000002,7516.820000000006,34326.40000000001,40.07,1.15,98,2.56,9.26,0.4,0,2026-02-22 13:53:53.998996-05
2018-06-05,197,195,240,9481.119999999999,1416.1400000000006,8064.829999999997,36101.71999999999,48.13,1.22,110,2.85,9.91,0.34,2,2026-02-22 13:53:53.998996-05
2018-06-06,227,226,277,8450.279999999997,1586.9299999999992,6863.400000000002,32176.980000000018,37.23,1.22,114,2.85,10.68,0.37,3,2026-02-22 13:53:53.998996-05
2018-06-07,223,223,251,11207.689999999991,1485.4099999999994,9722.260000000002,42676.380000000005,50.26,1.13,125,3.0,9.93,0.32,1,2026-02-22 13:53:53.998996-05
2018-06-08,198,198,234,8350.589999999998,1293.8900000000006,7056.689999999999,31797.20000000002,42.17,1.18,98,2.75,11.16,0.54,6,2026-02-22 13:53:53.998996-05
2018-06-09,172,172,192,8937.97,1236.56,7701.369999999998,34033.77,51.96,1.12,94,3.16,10.47,0.39,2,2026-02-22 13:53:53.998996-05
2018-06-10,191,191,222,7913.7300000000005,1251.2499999999998,6662.500000000004,30133.590000000004,41.43,1.16,114,3.37,9.21,0.41,4,2026-02-22 13:53:53.998996-05
2018-06-11,294,294,338,15412.709999999994,2055.46,13357.21999999999,57313.280000000006,52.42,1.15,158,3.11,9.18,0.31,9,2026-02-22 13:53:53.998996-05
2018-06-12,246,246,288,12575.310000000005,1719.34,10856.039999999999,46762.42999999998,51.12,1.17,131,3.16,8.79,0.37,8,2026-02-22 13:53:53.998996-05
2018-06-13,258,258,304,11050.49,1845.830000000001,9204.839999999995,41092.36000000003,42.83,1.18,139,3.11,8.7,0.33,3,2026-02-22 13:53:53.998996-05
2018-06-14,212,212,237,8795.659999999998,1399.0499999999995,7396.57,32707.209999999992,41.49,1.12,117,2.9,9.13,0.19,1,2026-02-22 13:53:53.998996-05
2018-06-15,185,184,208,8413.349999999999,1308.88,7104.5,31285.710000000014,45.48,1.12,89,2.79,9.97,0.86,2,2026-02-22 13:53:53.998996-05
2018-06-16,165,164,177,7798.7800000000025,1178.9799999999996,6619.720000000002,29000.079999999998,47.27,1.07,89,3.14,9.41,0.51,1,2026-02-22 13:53:53.998996-05
2018-06-17,152,152,175,5580.469999999999,923.7999999999998,4656.689999999997,20751.519999999997,36.71,1.15,74,2.56,7.82,0.3,2,2026-02-22 13:53:53.998996-05
2018-06-18,245,244,278,10847.389999999994,1663.200000000001,9184.3,40733.81000000003,44.28,1.13,117,2.92,7.45,0.39,2,2026-02-22 13:53:53.998996-05
2018-06-19,229,229,259,10605.759999999997,1427.210000000001,9178.459999999997,39826.32999999998,46.31,1.13,106,2.62,8.44,0.3,3,2026-02-22 13:53:53.998996-05
2018-06-20,216,216,250,9121.120000000003,1472.2600000000011,7648.939999999999,34251.51000000001,42.23,1.16,98,2.77,8.38,0.36,0,2026-02-22 13:53:53.998996-05
2018-06-21,234,233,264,8868.319999999998,1490.85,7377.4800000000005,33301.99,37.9,1.13,116,2.68,9.25,0.66,4,2026-02-22 13:53:53.998996-05
2018-06-22,179,179,206,7656.960000000002,1050.87,6606.199999999998,28753.159999999996,42.78,1.15,74,2.62,9.25,0.61,1,2026-02-22 13:53:53.998996-05
2018-06-23,150,149,171,5619.37,977.22,4642.129999999998,21101.59,37.46,1.14,69,2.53,8.99,0.66,1,2026-02-22 13:53:53.998996-05
2018-06-24,198,198,217,7800.359999999998,1328.3200000000004,6472.0300000000025,29291.6,39.4,1.1,102,3.03,7.52,0.31,3,2026-02-22 13:53:53.998996-05
2018-06-25,239,239,279,10951.789999999999,1494.8699999999992,9456.979999999998,41743.299999999974,45.82,1.17,112,2.72,7.22,0.4,3,2026-02-22 13:53:53.998996-05
2018-06-26,240,240,288,9771.590000000004,1734.4399999999996,8037.020000000007,37244.87999999998,40.71,1.2,118,2.77,8.1,0.48,0,2026-02-22 13:53:53.998996-05
2018-06-27,214,214,243,8528.279999999999,1576.6799999999994,6951.609999999998,32505.930000000004,39.85,1.14,108,2.72,8.75,0.43,2,2026-02-22 13:53:53.998996-05
2018-06-28,242,241,283,10154.97999999999,1719.5699999999993,8435.46,38706.250000000015,41.96,1.17,120,2.7,8.52,0.35,3,2026-02-22 13:53:53.998996-05
2018-06-29,173,172,196,6571.769999999999,1211.3599999999992,5360.470000000003,25048.660000000007,37.99,1.13,88,2.66,9.12,0.68,2,2026-02-22 13:53:53.998996-05
2018-06-30,124,123,139,4885.620000000001,850.5300000000002,4035.110000000001,18621.700000000004,39.4,1.12,65,2.96,8.82,0.97,0,2026-02-22 13:53:53.998996-05
2018-07-01,161,161,186,7624.400000000001,1230.8099999999995,6393.620000000002,29060.699999999986,47.36,1.16,79,2.91,7.59,0.7,0,2026-02-22 13:53:53.998996-05
2018-07-02,193,193,215,7461.230000000001,1599.43,5861.660000000002,29113.410000000014,38.66,1.11,97,2.78,7.4,0.76,1,2026-02-22 13:53:53.998996-05
2018-07-03,215,215,238,8037.389999999997,1316.8799999999994,6720.359999999996,31361.379999999997,37.38,1.11,114,2.84,8.07,1.97,5,2026-02-22 13:53:53.998996-05
2018-07-04,254,253,288,10589.200000000008,1513.5900000000004,9075.630000000001,41318.53000000002,41.69,1.13,132,2.85,7.51,1.06,3,2026-02-22 13:53:53.998996-05
2018-07-05,194,193,220,8640.640000000003,1313.4499999999998,7327.139999999996,33715.609999999986,44.54,1.13,95,2.83,9.1,0.58,3,2026-02-22 13:53:53.998996-05
2018-07-06,121,121,130,5665.980000000002,795.3199999999999,4870.72,22108.670000000006,46.83,1.07,57,2.51,9.64,0.46,2,2026-02-22 13:53:53.998996-05
2018-07-07,91,91,101,2890.1099999999997,563.9799999999999,2326.139999999999,11277.239999999998,31.76,1.11,43,2.59,9.09,0.67,0,2026-02-22 13:53:53.998996-05
2018-07-08,120,119,143,4432.1399999999985,790.9399999999999,3641.26,17294.280000000006,36.93,1.19,55,2.61,10.22,0.38,3,2026-02-22 13:53:53.998996-05
2018-07-09,148,148,158,5978.199999999998,919.7299999999996,5058.450000000001,23122.169999999995,40.39,1.07,85,3.28,9.55,0.34,8,2026-02-22 13:53:53.998996-05
2018-07-10,132,132,151,5751.860000000001,910.6399999999995,4841.199999999999,22246.770000000004,43.57,1.14,58,2.68,9.4,0.41,7,2026-02-22 13:53:53.998996-05
2018-07-11,126,126,144,5695.530000000002,932.2200000000003,4763.199999999999,22028.640000000003,45.2,1.14,60,2.75,11.93,0.33,10,2026-02-22 13:53:53.998996-05
2018-07-12,118,117,124,5933.9500000000035,842.5499999999996,5091.270000000001,22950.83,50.29,1.05,63,2.92,12.46,0.32,9,2026-02-22 13:53:53.998996-05
2018-07-13,167,167,190,8410.439999999999,1263.1200000000003,7147.480000000004,32529.399999999998,50.36,1.14,95,3.28,12.08,0.56,3,2026-02-22 13:53:53.998996-05
2018-07-14,146,145,158,6772.55,1072.8300000000013,5699.659999999998,26194.270000000004,46.39,1.08,76,2.96,11.72,0.66,7,2026-02-22 13:53:53.998996-05
2018-07-15,151,151,166,8902.559999999998,1146.7600000000007,7755.909999999998,34432.93,58.96,1.1,84,2.89,11.24,0.49,8,2026-02-22 13:53:53.998996-05
2018-07-16,243,240,262,9733.689999999999,1669.9499999999985,8063.709999999995,37471.590000000004,40.06,1.08,109,2.7,9.43,0.43,10,2026-02-22 13:53:53.998996-05
2018-07-17,219,215,242,9099.5,1375.9499999999998,7723.599999999993,35030.37,41.55,1.11,111,2.93,9.56,0.36,12,2026-02-22 13:53:53.998996-05
2018-07-18,305,296,340,12724.089999999998,2023.6699999999987,10700.45999999999,48984.14999999999,41.72,1.11,133,2.79,8.65,0.33,6,2026-02-22 13:53:53.998996-05
2018-07-19,253,249,287,11666.190000000008,1612.020000000001,10054.159999999993,44911.24000000003,46.11,1.13,113,2.74,8.98,0.44,5,2026-02-22 13:53:53.998996-05
2018-07-20,247,246,285,9846.270000000006,1560.4699999999998,8285.839999999998,37905.619999999966,39.86,1.15,117,2.53,9.25,0.5,8,2026-02-22 13:53:53.998996-05
2018-07-21,185,182,206,6542.730000000001,1113.31,5429.44,25187.340000000007,35.37,1.11,86,2.63,8.95,0.73,4,2026-02-22 13:53:53.998996-05
2018-07-22,214,212,238,8055.72,1312.8100000000004,6742.949999999998,31012.059999999998,37.64,1.11,107,2.63,7.85,1.38,4,2026-02-22 13:53:53.998996-05
2018-07-23,304,304,345,12780.54,2148.2600000000016,10632.56,47890.81999999998,42.04,1.13,144,2.58,8.07,0.86,13,2026-02-22 13:53:53.998996-05
2018-07-24,270,268,303,12832.080000000005,1750.0800000000008,11081.970000000001,48083.44,47.53,1.12,126,2.63,7.87,0.46,6,2026-02-22 13:53:53.998996-05
2018-07-25,267,266,322,12763.230000000007,1990.3400000000013,10772.930000000006,47825.690000000024,47.8,1.21,126,2.79,8.45,0.38,8,2026-02-22 13:53:53.998996-05
2018-07-26,245,244,284,11027.859999999997,1723.8499999999995,9304.300000000007,41323.09,45.01,1.16,123,2.84,8.12,0.41,5,2026-02-22 13:53:53.998996-05
2018-07-27,189,188,216,8895.109999999999,1323.5100000000014,7571.569999999995,33331.12999999999,47.06,1.14,91,2.62,9.13,0.49,4,2026-02-22 13:53:53.998996-05
2018-07-28,175,174,210,8023.479999999996,1295.6000000000008,6727.869999999997,30065.119999999988,45.85,1.2,90,2.91,8.71,1.05,1,2026-02-22 13:53:53.998996-05
2018-07-29,184,183,207,9200.669999999998,1287.2899999999997,7913.450000000002,34476.10999999999,50.0,1.13,81,2.83,7.54,0.7,7,2026-02-22 13:53:53.998996-05
2018-07-30,280,280,308,11868.419999999993,1760.2600000000002,10108.170000000002,44460.72999999999,42.39,1.1,133,2.47,7.97,0.51,26,2026-02-22 13:53:53.998996-05
2018-07-31,316,316,372,14166.559999999992,2137.4999999999995,12029.060000000016,53070.25000000006,44.83,1.18,154,2.72,7.81,0.42,20,2026-02-22 13:53:53.998996-05
2018-08-01,308,307,345,12888.490000000007,2097.6200000000026,10790.869999999997,48282.26000000001,41.85,1.12,143,2.62,8.91,0.38,29,2026-02-22 13:53:53.998996-05
2018-08-02,298,298,335,12169.909999999996,1910.1900000000005,10259.789999999997,45590.569999999985,40.84,1.12,152,2.8,9.15,0.32,34,2026-02-22 13:53:53.998996-05
2018-08-03,312,312,345,13135.899999999994,1977.1599999999992,11158.720000000007,49209.12000000001,42.1,1.11,142,2.61,9.5,0.58,29,2026-02-22 13:53:53.998996-05
2018-08-04,242,242,271,10961.489999999996,1518.6400000000006,9442.64,41063.270000000026,45.3,1.12,124,2.84,8.96,0.67,19,2026-02-22 13:53:53.998996-05
2018-08-05,274,273,310,11232.709999999997,1776.14,9456.430000000008,42079.35000000002,41.0,1.13,134,2.68,7.94,0.38,27,2026-02-22 13:53:53.998996-05
2018-08-06,368,368,426,16794.43,2479.0199999999995,14315.459999999997,63129.89000000002,45.64,1.16,190,2.78,8.44,0.36,48,2026-02-22 13:53:53.998996-05
2018-08-07,361,360,425,15248.879999999994,2400.0500000000034,12848.960000000014,57320.34000000002,42.24,1.18,169,2.63,8.26,0.37,51,2026-02-22 13:53:53.998996-05
2018-08-08,314,312,359,13521.800000000014,2127.3799999999997,11394.400000000001,50828.00999999997,43.06,1.14,167,2.75,8.17,0.28,21,2026-02-22 13:53:53.998996-05
2018-08-09,283,283,322,12432.940000000006,1781.02,10651.969999999994,46734.85999999999,43.93,1.14,139,2.67,8.45,0.53,19,2026-02-22 13:53:53.998996-05
2018-08-10,252,251,267,10496.020000000002,1635.8300000000002,8860.37,39454.43999999999,41.65,1.06,126,2.77,9.32,0.54,15,2026-02-22 13:53:53.998996-05
2018-08-11,186,186,216,8131.409999999996,1225.05,6906.350000000001,30565.730000000007,43.72,1.16,100,2.96,8.55,0.54,5,2026-02-22 13:53:53.998996-05
2018-08-12,197,197,227,9773.809999999992,1387.5300000000002,8386.440000000002,36739.74999999999,49.61,1.15,118,3.21,7.75,0.37,6,2026-02-22 13:53:53.998996-05
2018-08-13,287,286,320,11729.549999999994,1856.3400000000015,9873.310000000003,45811.289999999964,40.87,1.11,142,2.93,7.48,0.36,10,2026-02-22 13:53:53.998996-05
2018-08-14,312,310,339,13129.880000000001,1856.040000000002,11273.739999999993,51280.42000000001,42.08,1.09,171,2.99,7.75,0.38,22,2026-02-22 13:53:53.998996-05
2018-08-15,283,283,315,13348.61,1723.0600000000015,11625.569999999992,52134.87,47.17,1.11,149,3.02,7.65,0.37,14,2026-02-22 13:53:53.998996-05
2018-08-16,316,315,351,10674.85,1670.600000000002,9004.220000000003,41691.65999999995,33.78,1.11,145,2.69,7.66,0.41,10,2026-02-22 13:53:53.998996-05
2018-08-17,254,252,288,9623.009999999991,1510.8200000000002,8112.229999999991,37583.91000000001,37.89,1.13,120,2.7,7.81,0.48,5,2026-02-22 13:53:53.998996-05
2018-08-18,196,196,206,7347.859999999998,1115.6099999999997,6232.36,28698.100000000017,37.49,1.05,104,3.15,7.49,0.71,3,2026-02-22 13:53:53.998996-05
2018-08-19,204,203,226,7672.659999999997,1146.8899999999996,6525.880000000002,29966.500000000022,37.61,1.11,110,2.97,6.8,1.15,3,2026-02-22 13:53:53.998996-05
2018-08-20,252,252,283,9925.109999999997,1337.9400000000003,8587.199999999999,39851.87000000001,39.39,1.12,125,2.83,5.87,0.29,9,2026-02-22 13:53:53.998996-05
2018-08-21,239,239,258,7678.349999999999,1122.6700000000008,6555.769999999996,30830.689999999988,32.13,1.08,115,2.65,5.56,0.29,9,2026-02-22 13:53:53.998996-05
2018-08-22,186,185,216,6042.630000000002,987.5199999999994,5055.029999999997,24262.610000000022,32.49,1.16,77,2.4,5.72,0.39,2,2026-02-22 13:53:53.998996-05
2018-08-23,142,142,161,4866.580000000001,625.0300000000001,4241.559999999998,19540.559999999998,34.27,1.13,69,2.75,5.5,0.38,1,2026-02-22 13:53:53.998996-05
2018-08-24,97,97,116,2803.5199999999995,416.2499999999999,2387.350000000001,11256.990000000007,28.9,1.2,47,2.97,5.17,0.25,2,2026-02-22 13:53:53.998996-05
2018-08-25,69,69,75,2923.3399999999997,283.48999999999995,2639.7999999999997,11737.759999999995,42.37,1.09,33,2.78,4.22,0.46,0,2026-02-22 13:53:53.998996-05
2018-08-26,73,73,82,2324.4499999999985,314.39,2010.0500000000018,9333.159999999998,31.84,1.12,34,2.85,3.32,0.14,0,2026-02-22 13:53:53.998996-05
2018-08-27,66,66,71,1480.9700000000003,185.52000000000007,1295.3999999999992,6111.61,22.44,1.08,28,2.58,2.47,0.14,0,2026-02-22 13:53:53.998996-05
2018-08-28,39,39,45,998.6599999999996,108.39000000000006,890.2700000000001,4121.22,25.61,1.15,19,2.67,1.82,0.08,0,2026-02-22 13:53:53.998996-05
2018-08-29,11,11,16,427.13,52.50999999999999,374.61999999999995,1762.7,38.83,1.45,4,2.36,1.0,0.0,0,2026-02-22 13:53:53.998996-05
2018-09-03,1,1,1,40.29,5.19,35.09,166.46,40.29,1.0,0,1.0,,0.0,0,2026-02-22 13:53:53.998996-05
